{
"count": 20,
"start": 0,
"total": 35,
"subjects": [
{
"rating": {
"max": 10,
"average": 7.4,
"stars": "40",
"min": 0
},
"genres": [
"剧情",
"爱情",
"战争"
],
"title": "无问西东",
"casts": [
{
"alt": "https://movie.douban.com/celebrity/1041014/",
"avatars": {
"small": "https://img3.doubanio.com/view/celebrity/s_ratio_celebrity/public/p1359895311.0.webp",
"large": "https://img3.doubanio.com/view/celebrity/s_ratio_celebrity/public/p1359895311.0.webp",
"medium": "https://img3.doubanio.com/view/celebrity/s_ratio_celebrity/public/p1359895311.0.webp"
},
"name": "章子怡",
"id": "1041014"
},
{
"alt": "https://movie.douban.com/celebrity/1041404/",
"avatars": {
"small": "https://img3.doubanio.com/view/celebrity/s_ratio_celebrity/public/p1472787652.32.webp",
"large": "https://img3.doubanio.com/view/celebrity/s_ratio_celebrity/public/p1472787652.32.webp",
"medium": "https://img3.doubanio.com/view/celebrity/s_ratio_celebrity/public/p1472787652.32.webp"
},
"name": "黄晓明",
"id": "1041404"
},
{
"alt": "https://movie.douban.com/celebrity/1077991/",
"avatars": {
"small": "https://img1.doubanio.com/view/celebrity/s_ratio_celebrity/public/p1453574419.48.webp",
"large": "https://img1.doubanio.com/view/celebrity/s_ratio_celebrity/public/p1453574419.48.webp",
"medium": "https://img1.doubanio.com/view/celebrity/s_ratio_celebrity/public/p1453574419.48.webp"
},
"name": "张震",
"id": "1077991"
}
],
"collect_count": 96179,
"original_title": "无问西东",
"subtype": "movie",
"directors": [
{
"alt": "https://movie.douban.com/celebrity/1313682/",
"avatars": {
"small": "https://img3.doubanio.com/view/celebrity/s_ratio_celebrity/public/p19485.webp",
"large": "https://img3.doubanio.com/view/celebrity/s_ratio_celebrity/public/p19485.webp",
"medium": "https://img3.doubanio.com/view/celebrity/s_ratio_celebrity/public/p19485.webp"
},
"name": "李芳芳",
"id": "1313682"
}
],
"year": "2018",
"images": {
"small": "https://img3.doubanio.com/view/photo/s_ratio_poster/public/p2507572275.webp",
"large": "https://img3.doubanio.com/view/photo/s_ratio_poster/public/p2507572275.webp",
"medium": "https://img3.doubanio.com/view/photo/s_ratio_poster/public/p2507572275.webp"
},
"alt": "https://movie.douban.com/subject/6874741/",
"id": "6874741"
},
{
"rating": {
"max": 10,
"average": 0,
"stars": "00",
"min": 0
},
"genres": [
"剧情",
"动作"
],
"title": "英雄本色2018",
"casts": [
{
"alt": "https://movie.douban.com/celebrity/1314544/",
"avatars": {
"small": "https://img1.doubanio.com/view/celebrity/s_ratio_celebrity/public/p1509429399.29.webp",
"large": "https://img1.doubanio.com/view/celebrity/s_ratio_celebrity/public/p1509429399.29.webp",
"medium": "https://img1.doubanio.com/view/celebrity/s_ratio_celebrity/public/p1509429399.29.webp"
},
"name": "王凯",
"id": "1314544"
},
{
"alt": "https://movie.douban.com/celebrity/1312820/",
"avatars": {
"small": "https://img3.doubanio.com/view/celebrity/s_ratio_celebrity/public/p1422629943.25.webp",
"large": "https://img3.doubanio.com/view/celebrity/s_ratio_celebrity/public/p1422629943.25.webp",
"medium": "https://img3.doubanio.com/view/celebrity/s_ratio_celebrity/public/p1422629943.25.webp"
},
"name": "马天宇",
"id": "1312820"
},
{
"alt": "https://movie.douban.com/celebrity/1341187/",
"avatars": {
"small": "https://img1.doubanio.com/view/celebrity/s_ratio_celebrity/public/pbA7b3PGSjgMcel_avatar_uploaded1404566496.8.webp",
"large": "https://img1.doubanio.com/view/celebrity/s_ratio_celebrity/public/pbA7b3PGSjgMcel_avatar_uploaded1404566496.8.webp",
"medium": "https://img1.doubanio.com/view/celebrity/s_ratio_celebrity/public/pbA7b3PGSjgMcel_avatar_uploaded1404566496.8.webp"
},
"name": "王大陆",
"id": "1341187"
}
],
"collect_count": 754,
"original_title": "英雄本色2018",
"subtype": "movie",
"directors": [
{
"alt": "https://movie.douban.com/celebrity/1274856/",
"avatars": {
"small": "https://img3.doubanio.com/view/celebrity/s_ratio_celebrity/public/p20143.webp",
"large": "https://img3.doubanio.com/view/celebrity/s_ratio_celebrity/public/p20143.webp",
"medium": "https://img3.doubanio.com/view/celebrity/s_ratio_celebrity/public/p20143.webp"
},
"name": "丁晟",
"id": "1274856"
}
],
"year": "2018",
"images": {
"small": "https://img3.doubanio.com/view/photo/s_ratio_poster/public/p2508615612.webp",
"large": "https://img3.doubanio.com/view/photo/s_ratio_poster/public/p2508615612.webp",
"medium": "https://img3.doubanio.com/view/photo/s_ratio_poster/public/p2508615612.webp"
},
"alt": "https://movie.douban.com/subject/26827040/",
"id": "26827040"
},
{
"rating": {
"max": 10,
"average": 7.2,
"stars": "40",
"min": 0
},
"genres": [
"动作",
"奇幻",
"冒险"
],
"title": "勇敢者游戏：决战丛林",
"casts": [
{
"alt": "https://movie.douban.com/celebrity/1044707/",
"avatars": {
"small": "https://img3.doubanio.com/view/celebrity/s_ratio_celebrity/public/p196.webp",
"large": "https://img3.doubanio.com/view/celebrity/s_ratio_celebrity/public/p196.webp",
"medium": "https://img3.doubanio.com/view/celebrity/s_ratio_celebrity/public/p196.webp"
},
"name": "道恩·强森",
"id": "1044707"
},
{
"alt": "https://movie.douban.com/celebrity/1286162/",
"avatars": {
"small": "https://img3.doubanio.com/view/celebrity/s_ratio_celebrity/public/p56350.webp",
"large": "https://img3.doubanio.com/view/celebrity/s_ratio_celebrity/public/p56350.webp",
"medium": "https://img3.doubanio.com/view/celebrity/s_ratio_celebrity/public/p56350.webp"
},
"name": "凯文·哈特",
"id": "1286162"
},
{
"alt": "https://movie.douban.com/celebrity/1049492/",
"avatars": {
"small": "https://img3.doubanio.com/view/celebrity/s_ratio_celebrity/public/p35722.webp",
"large": "https://img3.doubanio.com/view/celebrity/s_ratio_celebrity/public/p35722.webp",
"medium": "https://img3.doubanio.com/view/celebrity/s_ratio_celebrity/public/p35722.webp"
},
"name": "杰克·布莱克",
"id": "1049492"
}
],
"collect_count": 42649,
"original_title": "Jumanji: Welcome to the Jungle",
"subtype": "movie",
"directors": [
{
"alt": "https://movie.douban.com/celebrity/1040862/",
"avatars": {
"small": "https://img3.doubanio.com/view/celebrity/s_ratio_celebrity/public/p1515078777.46.webp",
"large": "https://img3.doubanio.com/view/celebrity/s_ratio_celebrity/public/p1515078777.46.webp",
"medium": "https://img3.doubanio.com/view/celebrity/s_ratio_celebrity/public/p1515078777.46.webp"
},
"name": "杰克·卡斯丹",
"id": "1040862"
}
],
"year": "2017",
"images": {
"small": "https://img3.doubanio.com/view/photo/s_ratio_poster/public/p2506258944.webp",
"large": "https://img3.doubanio.com/view/photo/s_ratio_poster/public/p2506258944.webp",
"medium": "https://img3.doubanio.com/view/photo/s_ratio_poster/public/p2506258944.webp"
},
"alt": "https://movie.douban.com/subject/26586766/",
"id": "26586766"
},
{
"rating": {
"max": 10,
"average": 5.7,
"stars": "30",
"min": 0
},
"genres": [
"喜剧",
"爱情"
],
"title": "前任3：再见前任",
"casts": [
{
"alt": "https://movie.douban.com/celebrity/1275667/",
"avatars": {
"small": "https://img3.doubanio.com/view/celebrity/s_ratio_celebrity/public/p14025.webp",
"large": "https://img3.doubanio.com/view/celebrity/s_ratio_celebrity/public/p14025.webp",
"medium": "https://img3.doubanio.com/view/celebrity/s_ratio_celebrity/public/p14025.webp"
},
"name": "韩庚",
"id": "1275667"
},
{
"alt": "https://movie.douban.com/celebrity/1275564/",
"avatars": {
"small": "https://img3.doubanio.com/view/celebrity/s_ratio_celebrity/public/p1366015827.84.webp",
"large": "https://img3.doubanio.com/view/celebrity/s_ratio_celebrity/public/p1366015827.84.webp",
"medium": "https://img3.doubanio.com/view/celebrity/s_ratio_celebrity/public/p1366015827.84.webp"
},
"name": "郑恺",
"id": "1275564"
},
{
"alt": "https://movie.douban.com/celebrity/1342252/",
"avatars": {
"small": "https://img1.doubanio.com/view/celebrity/s_ratio_celebrity/public/p1408089064.98.webp",
"large": "https://img1.doubanio.com/view/celebrity/s_ratio_celebrity/public/p1408089064.98.webp",
"medium": "https://img1.doubanio.com/view/celebrity/s_ratio_celebrity/public/p1408089064.98.webp"
},
"name": "于文文",
"id": "1342252"
}
],
"collect_count": 116393,
"original_title": "前任3：再见前任",
"subtype": "movie",
"directors": [
{
"alt": "https://movie.douban.com/celebrity/1332171/",
"avatars": {
"small": "https://img3.doubanio.com/view/celebrity/s_ratio_celebrity/public/p1391439365.41.webp",
"large": "https://img3.doubanio.com/view/celebrity/s_ratio_celebrity/public/p1391439365.41.webp",
"medium": "https://img3.doubanio.com/view/celebrity/s_ratio_celebrity/public/p1391439365.41.webp"
},
"name": "田羽生",
"id": "1332171"
}
],
"year": "2017",
"images": {
"small": "https://img1.doubanio.com/view/photo/s_ratio_poster/public/p2508926717.webp",
"large": "https://img1.doubanio.com/view/photo/s_ratio_poster/public/p2508926717.webp",
"medium": "https://img1.doubanio.com/view/photo/s_ratio_poster/public/p2508926717.webp"
},
"alt": "https://movie.douban.com/subject/26662193/",
"id": "26662193"
},
{
"rating": {
"max": 10,
"average": 7.8,
"stars": "40",
"min": 0
},
"genres": [
"剧情",
"历史",
"战争"
],
"title": "芳华",
"casts": [
{
"alt": "https://movie.douban.com/celebrity/1276105/",
"avatars": {
"small": "https://img1.doubanio.com/view/celebrity/s_ratio_celebrity/public/p1449935218.59.webp",
"large": "https://img1.doubanio.com/view/celebrity/s_ratio_celebrity/public/p1449935218.59.webp",
"medium": "https://img1.doubanio.com/view/celebrity/s_ratio_celebrity/public/p1449935218.59.webp"
},
"name": "黄轩",
"id": "1276105"
},
{
"alt": "https://movie.douban.com/celebrity/1366978/",
"avatars": {
"small": "https://img1.doubanio.com/view/celebrity/s_ratio_celebrity/public/p1512871367.97.webp",
"large": "https://img1.doubanio.com/view/celebrity/s_ratio_celebrity/public/p1512871367.97.webp",
"medium": "https://img1.doubanio.com/view/celebrity/s_ratio_celebrity/public/p1512871367.97.webp"
},
"name": "苗苗",
"id": "1366978"
},
{
"alt": "https://movie.douban.com/celebrity/1357009/",
"avatars": {
"small": "https://img1.doubanio.com/view/celebrity/s_ratio_celebrity/public/p1504775118.88.webp",
"large": "https://img1.doubanio.com/view/celebrity/s_ratio_celebrity/public/p1504775118.88.webp",
"medium": "https://img1.doubanio.com/view/celebrity/s_ratio_celebrity/public/p1504775118.88.webp"
},
"name": "钟楚曦",
"id": "1357009"
}
],
"collect_count": 296199,
"original_title": "芳华",
"subtype": "movie",
"directors": [
{
"alt": "https://movie.douban.com/celebrity/1274255/",
"avatars": {
"small": "https://img1.doubanio.com/view/celebrity/s_ratio_celebrity/public/p45667.webp",
"large": "https://img1.doubanio.com/view/celebrity/s_ratio_celebrity/public/p45667.webp",
"medium": "https://img1.doubanio.com/view/celebrity/s_ratio_celebrity/public/p45667.webp"
},
"name": "冯小刚",
"id": "1274255"
}
],
"year": "2017",
"images": {
"small": "https://img3.doubanio.com/view/photo/s_ratio_poster/public/p2507227732.webp",
"large": "https://img3.doubanio.com/view/photo/s_ratio_poster/public/p2507227732.webp",
"medium": "https://img3.doubanio.com/view/photo/s_ratio_poster/public/p2507227732.webp"
},
"alt": "https://movie.douban.com/subject/26862829/",
"id": "26862829"
},
{
"rating": {
"max": 10,
"average": 7.7,
"stars": "40",
"min": 0
},
"genres": [
"动作",
"冒险"
],
"title": "太空救援",
"casts": [
{
"alt": "https://movie.douban.com/celebrity/1023442/",
"avatars": {
"small": "https://img1.doubanio.com/view/celebrity/s_ratio_celebrity/public/p1368685365.9.webp",
"large": "https://img1.doubanio.com/view/celebrity/s_ratio_celebrity/public/p1368685365.9.webp",
"medium": "https://img1.doubanio.com/view/celebrity/s_ratio_celebrity/public/p1368685365.9.webp"
},
"name": "弗拉季米尔·弗多维琴科夫",
"id": "1023442"
},
{
"alt": "https://movie.douban.com/celebrity/1194282/",
"avatars": {
"small": "https://img1.doubanio.com/view/celebrity/s_ratio_celebrity/public/p1416541847.87.webp",
"large": "https://img1.doubanio.com/view/celebrity/s_ratio_celebrity/public/p1416541847.87.webp",
"medium": "https://img1.doubanio.com/view/celebrity/s_ratio_celebrity/public/p1416541847.87.webp"
},
"name": "巴维尔·捷列连科",
"id": "1194282"
},
{
"alt": "https://movie.douban.com/celebrity/1327850/",
"avatars": {
"small": "https://img3.doubanio.com/view/celebrity/s_ratio_celebrity/public/p1486282779.93.webp",
"large": "https://img3.doubanio.com/view/celebrity/s_ratio_celebrity/public/p1486282779.93.webp",
"medium": "https://img3.doubanio.com/view/celebrity/s_ratio_celebrity/public/p1486282779.93.webp"
},
"name": "柳波芙·阿克肖诺娃",
"id": "1327850"
}
],
"collect_count": 13216,
"original_title": "Салют-7",
"subtype": "movie",
"directors": [
{
"alt": "https://movie.douban.com/celebrity/1382988/",
"avatars": {
"small": "https://img1.doubanio.com/view/celebrity/s_ratio_celebrity/public/p1511446479.18.webp",
"large": "https://img1.doubanio.com/view/celebrity/s_ratio_celebrity/public/p1511446479.18.webp",
"medium": "https://img1.doubanio.com/view/celebrity/s_ratio_celebrity/public/p1511446479.18.webp"
},
"name": "克里姆·斯彭科",
"id": "1382988"
}
],
"year": "2017",
"images": {
"small": "https://img3.doubanio.com/view/photo/s_ratio_poster/public/p2508922375.webp",
"large": "https://img3.doubanio.com/view/photo/s_ratio_poster/public/p2508922375.webp",
"medium": "https://img3.doubanio.com/view/photo/s_ratio_poster/public/p2508922375.webp"
},
"alt": "https://movie.douban.com/subject/27073291/",
"id": "27073291"
},
{
"rating": {
"max": 10,
"average": 7.2,
"stars": "40",
"min": 0
},
"genres": [
"动作",
"科幻",
"冒险"
],
"title": "星球大战8：最后的绝地武士",
"casts": [
{
"alt": "https://movie.douban.com/celebrity/1027809/",
"avatars": {
"small": "https://img3.doubanio.com/view/celebrity/s_ratio_celebrity/public/p1452759480.3.webp",
"large": "https://img3.doubanio.com/view/celebrity/s_ratio_celebrity/public/p1452759480.3.webp",
"medium": "https://img3.doubanio.com/view/celebrity/s_ratio_celebrity/public/p1452759480.3.webp"
},
"name": "马克·哈米尔",
"id": "1027809"
},
{
"alt": "https://movie.douban.com/celebrity/1027813/",
"avatars": {
"small": "https://img1.doubanio.com/view/celebrity/s_ratio_celebrity/public/p1482901672.88.webp",
"large": "https://img1.doubanio.com/view/celebrity/s_ratio_celebrity/public/p1482901672.88.webp",
"medium": "https://img1.doubanio.com/view/celebrity/s_ratio_celebrity/public/p1482901672.88.webp"
},
"name": "凯丽·费雪",
"id": "1027813"
},
{
"alt": "https://movie.douban.com/celebrity/1339916/",
"avatars": {
"small": "https://img1.doubanio.com/view/celebrity/s_ratio_celebrity/public/p1444659264.8.webp",
"large": "https://img1.doubanio.com/view/celebrity/s_ratio_celebrity/public/p1444659264.8.webp",
"medium": "https://img1.doubanio.com/view/celebrity/s_ratio_celebrity/public/p1444659264.8.webp"
},
"name": "黛西·雷德利",
"id": "1339916"
}
],
"collect_count": 62656,
"original_title": "Star Wars: The Last Jedi",
"subtype": "movie",
"directors": [
{
"alt": "https://movie.douban.com/celebrity/1036605/",
"avatars": {
"small": "https://img1.doubanio.com/view/celebrity/s_ratio_celebrity/public/p55599.webp",
"large": "https://img1.doubanio.com/view/celebrity/s_ratio_celebrity/public/p55599.webp",
"medium": "https://img1.doubanio.com/view/celebrity/s_ratio_celebrity/public/p55599.webp"
},
"name": "莱恩·约翰逊",
"id": "1036605"
}
],
"year": "2017",
"images": {
"small": "https://img1.doubanio.com/view/photo/s_ratio_poster/public/p2506694509.webp",
"large": "https://img1.doubanio.com/view/photo/s_ratio_poster/public/p2506694509.webp",
"medium": "https://img1.doubanio.com/view/photo/s_ratio_poster/public/p2506694509.webp"
},
"alt": "https://movie.douban.com/subject/22265634/",
"id": "22265634"
},
{
"rating": {
"max": 10,
"average": 4.1,
"stars": "20",
"min": 0
},
"genres": [
"喜剧",
"动作"
],
"title": "卧底巨星",
"casts": [
{
"alt": "https://movie.douban.com/celebrity/1023424/",
"avatars": {
"small": "https://img3.doubanio.com/view/celebrity/s_ratio_celebrity/public/p20210.webp",
"large": "https://img3.doubanio.com/view/celebrity/s_ratio_celebrity/public/p20210.webp",
"medium": "https://img3.doubanio.com/view/celebrity/s_ratio_celebrity/public/p20210.webp"
},
"name": "陈奕迅",
"id": "1023424"
},
{
"alt": "https://movie.douban.com/celebrity/1346431/",
"avatars": {
"small": "https://img3.doubanio.com/view/celebrity/s_ratio_celebrity/public/pMzDHlD0dJgcel_avatar_uploaded1421546376.16.webp",
"large": "https://img3.doubanio.com/view/celebrity/s_ratio_celebrity/public/pMzDHlD0dJgcel_avatar_uploaded1421546376.16.webp",
"medium": "https://img3.doubanio.com/view/celebrity/s_ratio_celebrity/public/pMzDHlD0dJgcel_avatar_uploaded1421546376.16.webp"
},
"name": "李荣浩",
"id": "1346431"
},
{
"alt": "https://movie.douban.com/celebrity/1354284/",
"avatars": {
"small": "https://img3.doubanio.com/view/celebrity/s_ratio_celebrity/public/p1465192722.92.webp",
"large": "https://img3.doubanio.com/view/celebrity/s_ratio_celebrity/public/p1465192722.92.webp",
"medium": "https://img3.doubanio.com/view/celebrity/s_ratio_celebrity/public/p1465192722.92.webp"
},
"name": "李一桐",
"id": "1354284"
}
],
"collect_count": 2814,
"original_title": "卧底巨星",
"subtype": "movie",
"directors": [
{
"alt": "https://movie.douban.com/celebrity/1025526/",
"avatars": {
"small": "https://img1.doubanio.com/view/celebrity/s_ratio_celebrity/public/p1057.webp",
"large": "https://img1.doubanio.com/view/celebrity/s_ratio_celebrity/public/p1057.webp",
"medium": "https://img1.doubanio.com/view/celebrity/s_ratio_celebrity/public/p1057.webp"
},
"name": "谷德昭",
"id": "1025526"
}
],
"year": "2018",
"images": {
"small": "https://img1.doubanio.com/view/photo/s_ratio_poster/public/p2508908269.webp",
"large": "https://img1.doubanio.com/view/photo/s_ratio_poster/public/p2508908269.webp",
"medium": "https://img1.doubanio.com/view/photo/s_ratio_poster/public/p2508908269.webp"
},
"alt": "https://movie.douban.com/subject/26984538/",
"id": "26984538"
},
{
"rating": {
"max": 10,
"average": 6.2,
"stars": "35",
"min": 0
},
"genres": [
"喜剧",
"犯罪",
"悬疑"
],
"title": "迷镇凶案",
"casts": [
{
"alt": "https://movie.douban.com/celebrity/1054443/",
"avatars": {
"small": "https://img3.doubanio.com/view/celebrity/s_ratio_celebrity/public/p620.webp",
"large": "https://img3.doubanio.com/view/celebrity/s_ratio_celebrity/public/p620.webp",
"medium": "https://img3.doubanio.com/view/celebrity/s_ratio_celebrity/public/p620.webp"
},
"name": "马特·达蒙",
"id": "1054443"
},
{
"alt": "https://movie.douban.com/celebrity/1054519/",
"avatars": {
"small": "https://img3.doubanio.com/view/celebrity/s_ratio_celebrity/public/p1364.webp",
"large": "https://img3.doubanio.com/view/celebrity/s_ratio_celebrity/public/p1364.webp",
"medium": "https://img3.doubanio.com/view/celebrity/s_ratio_celebrity/public/p1364.webp"
},
"name": "朱丽安·摩尔",
"id": "1054519"
},
{
"alt": "https://movie.douban.com/celebrity/1012481/",
"avatars": {
"small": "https://img1.doubanio.com/view/celebrity/s_ratio_celebrity/public/p1415796703.28.webp",
"large": "https://img1.doubanio.com/view/celebrity/s_ratio_celebrity/public/p1415796703.28.webp",
"medium": "https://img1.doubanio.com/view/celebrity/s_ratio_celebrity/public/p1415796703.28.webp"
},
"name": "奥斯卡·伊萨克",
"id": "1012481"
}
],
"collect_count": 4162,
"original_title": "Suburbicon",
"subtype": "movie",
"directors": [
{
"alt": "https://movie.douban.com/celebrity/1054433/",
"avatars": {
"small": "https://img3.doubanio.com/view/celebrity/s_ratio_celebrity/public/p13776.webp",
"large": "https://img3.doubanio.com/view/celebrity/s_ratio_celebrity/public/p13776.webp",
"medium": "https://img3.doubanio.com/view/celebrity/s_ratio_celebrity/public/p13776.webp"
},
"name": "乔治·克鲁尼",
"id": "1054433"
}
],
"year": "2017",
"images": {
"small": "https://img1.doubanio.com/view/photo/s_ratio_poster/public/p2508546069.webp",
"large": "https://img1.doubanio.com/view/photo/s_ratio_poster/public/p2508546069.webp",
"medium": "https://img1.doubanio.com/view/photo/s_ratio_poster/public/p2508546069.webp"
},
"alt": "https://movie.douban.com/subject/2133433/",
"id": "2133433"
},
{
"rating": {
"max": 10,
"average": 9,
"stars": "45",
"min": 0
},
"genres": [
"喜剧",
"动画",
"冒险"
],
"title": "寻梦环游记",
"casts": [
{
"alt": "https://movie.douban.com/celebrity/1370411/",
"avatars": {
"small": "https://img1.doubanio.com/view/celebrity/s_ratio_celebrity/public/p1489594517.9.webp",
"large": "https://img1.doubanio.com/view/celebrity/s_ratio_celebrity/public/p1489594517.9.webp",
"medium": "https://img1.doubanio.com/view/celebrity/s_ratio_celebrity/public/p1489594517.9.webp"
},
"name": "安东尼·冈萨雷斯",
"id": "1370411"
},
{
"alt": "https://movie.douban.com/celebrity/1041009/",
"avatars": {
"small": "https://img1.doubanio.com/view/celebrity/s_ratio_celebrity/public/p1510634028.69.webp",
"large": "https://img1.doubanio.com/view/celebrity/s_ratio_celebrity/public/p1510634028.69.webp",
"medium": "https://img1.doubanio.com/view/celebrity/s_ratio_celebrity/public/p1510634028.69.webp"
},
"name": "盖尔·加西亚·贝纳尔",
"id": "1041009"
},
{
"alt": "https://movie.douban.com/celebrity/1036383/",
"avatars": {
"small": "https://img1.doubanio.com/view/celebrity/s_ratio_celebrity/public/p1416762292.89.webp",
"large": "https://img1.doubanio.com/view/celebrity/s_ratio_celebrity/public/p1416762292.89.webp",
"medium": "https://img1.doubanio.com/view/celebrity/s_ratio_celebrity/public/p1416762292.89.webp"
},
"name": "本杰明·布拉特",
"id": "1036383"
}
],
"collect_count": 376263,
"original_title": "Coco",
"subtype": "movie",
"directors": [
{
"alt": "https://movie.douban.com/celebrity/1022678/",
"avatars": {
"small": "https://img3.doubanio.com/view/celebrity/s_ratio_celebrity/public/p13830.webp",
"large": "https://img3.doubanio.com/view/celebrity/s_ratio_celebrity/public/p13830.webp",
"medium": "https://img3.doubanio.com/view/celebrity/s_ratio_celebrity/public/p13830.webp"
},
"name": "李·昂克里奇",
"id": "1022678"
},
{
"alt": "https://movie.douban.com/celebrity/1370425/",
"avatars": {
"small": "https://img3.doubanio.com/view/celebrity/s_ratio_celebrity/public/p1497195148.21.webp",
"large": "https://img3.doubanio.com/view/celebrity/s_ratio_celebrity/public/p1497195148.21.webp",
"medium": "https://img3.doubanio.com/view/celebrity/s_ratio_celebrity/public/p1497195148.21.webp"
},
"name": "阿德里安·莫利纳",
"id": "1370425"
}
],
"year": "2017",
"images": {
"small": "https://img1.doubanio.com/view/photo/s_ratio_poster/public/p2503997609.webp",
"large": "https://img1.doubanio.com/view/photo/s_ratio_poster/public/p2503997609.webp",
"medium": "https://img1.doubanio.com/view/photo/s_ratio_poster/public/p2503997609.webp"
},
"alt": "https://movie.douban.com/subject/20495023/",
"id": "20495023"
},
{
"rating": {
"max": 10,
"average": 7.2,
"stars": "35",
"min": 0
},
"genres": [
"动画"
],
"title": "大世界",
"casts": [
{
"alt": "https://movie.douban.com/celebrity/1386918/",
"avatars": {
"small": "https://img3.doubanio.com/view/celebrity/s_ratio_celebrity/public/p1515853243.73.webp",
"large": "https://img3.doubanio.com/view/celebrity/s_ratio_celebrity/public/p1515853243.73.webp",
"medium": "https://img3.doubanio.com/view/celebrity/s_ratio_celebrity/public/p1515853243.73.webp"
},
"name": "朱昌龙",
"id": "1386918"
},
{
"alt": "https://movie.douban.com/celebrity/1386919/",
"avatars": {
"small": "https://img3.doubanio.com/view/celebrity/s_ratio_celebrity/public/p1515900370.2.webp",
"large": "https://img3.doubanio.com/view/celebrity/s_ratio_celebrity/public/p1515900370.2.webp",
"medium": "https://img3.doubanio.com/view/celebrity/s_ratio_celebrity/public/p1515900370.2.webp"
},
"name": "曹寇",
"id": "1386919"
},
{
"alt": "https://movie.douban.com/celebrity/1386920/",
"avatars": {
"small": "https://img1.doubanio.com/f/movie/ca527386eb8c4e325611e22dfcb04cc116d6b423/pics/movie/celebrity-default-small.png",
"large": "https://img3.doubanio.com/f/movie/63acc16ca6309ef191f0378faf793d1096a3e606/pics/movie/celebrity-default-large.png",
"medium": "https://img1.doubanio.com/f/movie/8dd0c794499fe925ae2ae89ee30cd225750457b4/pics/movie/celebrity-default-medium.png"
},
"name": "杨思明",
"id": "1386920"
}
],
"collect_count": 12669,
"original_title": "大世界",
"subtype": "movie",
"directors": [
{
"alt": "https://movie.douban.com/celebrity/1275433/",
"avatars": {
"small": "https://img1.doubanio.com/view/celebrity/s_ratio_celebrity/public/p1484937150.59.webp",
"large": "https://img1.doubanio.com/view/celebrity/s_ratio_celebrity/public/p1484937150.59.webp",
"medium": "https://img1.doubanio.com/view/celebrity/s_ratio_celebrity/public/p1484937150.59.webp"
},
"name": "刘健",
"id": "1275433"
}
],
"year": "2017",
"images": {
"small": "https://img3.doubanio.com/view/photo/s_ratio_poster/public/p2508258043.webp",
"large": "https://img3.doubanio.com/view/photo/s_ratio_poster/public/p2508258043.webp",
"medium": "https://img3.doubanio.com/view/photo/s_ratio_poster/public/p2508258043.webp"
},
"alt": "https://movie.douban.com/subject/26954003/",
"id": "26954003"
},
{
"rating": {
"max": 10,
"average": 7,
"stars": "35",
"min": 0
},
"genres": [
"剧情",
"悬疑",
"奇幻"
],
"title": "妖猫传",
"casts": [
{
"alt": "https://movie.douban.com/celebrity/1276105/",
"avatars": {
"small": "https://img1.doubanio.com/view/celebrity/s_ratio_celebrity/public/p1449935218.59.webp",
"large": "https://img1.doubanio.com/view/celebrity/s_ratio_celebrity/public/p1449935218.59.webp",
"medium": "https://img1.doubanio.com/view/celebrity/s_ratio_celebrity/public/p1449935218.59.webp"
},
"name": "黄轩",
"id": "1276105"
},
{
"alt": "https://movie.douban.com/celebrity/1315737/",
"avatars": {
"small": "https://img3.doubanio.com/view/celebrity/s_ratio_celebrity/public/p50940.webp",
"large": "https://img3.doubanio.com/view/celebrity/s_ratio_celebrity/public/p50940.webp",
"medium": "https://img3.doubanio.com/view/celebrity/s_ratio_celebrity/public/p50940.webp"
},
"name": "染谷将太",
"id": "1315737"
},
{
"alt": "https://movie.douban.com/celebrity/1274494/",
"avatars": {
"small": "https://img1.doubanio.com/view/celebrity/s_ratio_celebrity/public/p1510497293.38.webp",
"large": "https://img1.doubanio.com/view/celebrity/s_ratio_celebrity/public/p1510497293.38.webp",
"medium": "https://img1.doubanio.com/view/celebrity/s_ratio_celebrity/public/p1510497293.38.webp"
},
"name": "张雨绮",
"id": "1274494"
}
],
"collect_count": 212563,
"original_title": "妖猫传",
"subtype": "movie",
"directors": [
{
"alt": "https://movie.douban.com/celebrity/1023040/",
"avatars": {
"small": "https://img3.doubanio.com/view/celebrity/s_ratio_celebrity/public/p1451727734.81.webp",
"large": "https://img3.doubanio.com/view/celebrity/s_ratio_celebrity/public/p1451727734.81.webp",
"medium": "https://img3.doubanio.com/view/celebrity/s_ratio_celebrity/public/p1451727734.81.webp"
},
"name": "陈凯歌",
"id": "1023040"
}
],
"year": "2017",
"images": {
"small": "https://img1.doubanio.com/view/photo/s_ratio_poster/public/p2507024497.webp",
"large": "https://img1.doubanio.com/view/photo/s_ratio_poster/public/p2507024497.webp",
"medium": "https://img1.doubanio.com/view/photo/s_ratio_poster/public/p2507024497.webp"
},
"alt": "https://movie.douban.com/subject/5350027/",
"id": "5350027"
},
{
"rating": {
"max": 10,
"average": 7.2,
"stars": "40",
"min": 0
},
"genres": [
"剧情",
"儿童",
"家庭"
],
"title": "我的影子在奔跑",
"casts": [
{
"alt": "https://movie.douban.com/celebrity/1016668/",
"avatars": {
"small": "https://img3.doubanio.com/view/celebrity/s_ratio_celebrity/public/p146.webp",
"large": "https://img3.doubanio.com/view/celebrity/s_ratio_celebrity/public/p146.webp",
"medium": "https://img3.doubanio.com/view/celebrity/s_ratio_celebrity/public/p146.webp"
},
"name": "张静初",
"id": "1016668"
},
{
"alt": "https://movie.douban.com/celebrity/1330245/",
"avatars": {
"small": "https://img3.doubanio.com/view/celebrity/s_ratio_celebrity/public/p1371455504.24.webp",
"large": "https://img3.doubanio.com/view/celebrity/s_ratio_celebrity/public/p1371455504.24.webp",
"medium": "https://img3.doubanio.com/view/celebrity/s_ratio_celebrity/public/p1371455504.24.webp"
},
"name": "龙品旭",
"id": "1330245"
},
{
"alt": "https://movie.douban.com/celebrity/1331753/",
"avatars": {
"small": "https://img1.doubanio.com/f/movie/ca527386eb8c4e325611e22dfcb04cc116d6b423/pics/movie/celebrity-default-small.png",
"large": "https://img3.doubanio.com/f/movie/63acc16ca6309ef191f0378faf793d1096a3e606/pics/movie/celebrity-default-large.png",
"medium": "https://img1.doubanio.com/f/movie/8dd0c794499fe925ae2ae89ee30cd225750457b4/pics/movie/celebrity-default-medium.png"
},
"name": "黎兆丰",
"id": "1331753"
}
],
"collect_count": 702,
"original_title": "我的影子在奔跑",
"subtype": "movie",
"directors": [
{
"alt": "https://movie.douban.com/celebrity/1309562/",
"avatars": {
"small": "https://img3.doubanio.com/view/celebrity/s_ratio_celebrity/public/p25505.webp",
"large": "https://img3.doubanio.com/view/celebrity/s_ratio_celebrity/public/p25505.webp",
"medium": "https://img3.doubanio.com/view/celebrity/s_ratio_celebrity/public/p25505.webp"
},
"name": "方刚亮",
"id": "1309562"
}
],
"year": "2013",
"images": {
"small": "https://img3.doubanio.com/view/photo/s_ratio_poster/public/p2508256074.webp",
"large": "https://img3.doubanio.com/view/photo/s_ratio_poster/public/p2508256074.webp",
"medium": "https://img3.doubanio.com/view/photo/s_ratio_poster/public/p2508256074.webp"
},
"alt": "https://movie.douban.com/subject/11615929/",
"id": "11615929"
},
{
"rating": {
"max": 10,
"average": 6.1,
"stars": "30",
"min": 0
},
"genres": [
"喜剧",
"爱情",
"奇幻"
],
"title": "二代妖精之今生有幸",
"casts": [
{
"alt": "https://movie.douban.com/celebrity/1275721/",
"avatars": {
"small": "https://img3.doubanio.com/view/celebrity/s_ratio_celebrity/public/p36925.webp",
"large": "https://img3.doubanio.com/view/celebrity/s_ratio_celebrity/public/p36925.webp",
"medium": "https://img3.doubanio.com/view/celebrity/s_ratio_celebrity/public/p36925.webp"
},
"name": "冯绍峰",
"id": "1275721"
},
{
"alt": "https://movie.douban.com/celebrity/1049732/",
"avatars": {
"small": "https://img3.doubanio.com/view/celebrity/s_ratio_celebrity/public/p1513067217.13.webp",
"large": "https://img3.doubanio.com/view/celebrity/s_ratio_celebrity/public/p1513067217.13.webp",
"medium": "https://img3.doubanio.com/view/celebrity/s_ratio_celebrity/public/p1513067217.13.webp"
},
"name": "刘亦菲",
"id": "1049732"
},
{
"alt": "https://movie.douban.com/celebrity/1275178/",
"avatars": {
"small": "https://img3.doubanio.com/view/celebrity/s_ratio_celebrity/public/p37722.webp",
"large": "https://img3.doubanio.com/view/celebrity/s_ratio_celebrity/public/p37722.webp",
"medium": "https://img3.doubanio.com/view/celebrity/s_ratio_celebrity/public/p37722.webp"
},
"name": "李光洁",
"id": "1275178"
}
],
"collect_count": 33471,
"original_title": "二代妖精之今生有幸",
"subtype": "movie",
"directors": [
{
"alt": "https://movie.douban.com/celebrity/1331182/",
"avatars": {
"small": "https://img1.doubanio.com/view/celebrity/s_ratio_celebrity/public/p1426816047.48.webp",
"large": "https://img1.doubanio.com/view/celebrity/s_ratio_celebrity/public/p1426816047.48.webp",
"medium": "https://img1.doubanio.com/view/celebrity/s_ratio_celebrity/public/p1426816047.48.webp"
},
"name": "肖洋",
"id": "1331182"
}
],
"year": "2017",
"images": {
"small": "https://img1.doubanio.com/view/photo/s_ratio_poster/public/p2507022339.webp",
"large": "https://img1.doubanio.com/view/photo/s_ratio_poster/public/p2507022339.webp",
"medium": "https://img1.doubanio.com/view/photo/s_ratio_poster/public/p2507022339.webp"
},
"alt": "https://movie.douban.com/subject/26797419/",
"id": "26797419"
},
{
"rating": {
"max": 10,
"average": 6.1,
"stars": "30",
"min": 0
},
"genres": [
"动作",
"犯罪",
"悬疑"
],
"title": "心理罪之城市之光",
"casts": [
{
"alt": "https://movie.douban.com/celebrity/1274235/",
"avatars": {
"small": "https://img3.doubanio.com/view/celebrity/s_ratio_celebrity/public/p805.webp",
"large": "https://img3.doubanio.com/view/celebrity/s_ratio_celebrity/public/p805.webp",
"medium": "https://img3.doubanio.com/view/celebrity/s_ratio_celebrity/public/p805.webp"
},
"name": "邓超",
"id": "1274235"
},
{
"alt": "https://movie.douban.com/celebrity/1259866/",
"avatars": {
"small": "https://img3.doubanio.com/view/celebrity/s_ratio_celebrity/public/p21006.webp",
"large": "https://img3.doubanio.com/view/celebrity/s_ratio_celebrity/public/p21006.webp",
"medium": "https://img3.doubanio.com/view/celebrity/s_ratio_celebrity/public/p21006.webp"
},
"name": "阮经天",
"id": "1259866"
},
{
"alt": "https://movie.douban.com/celebrity/1274533/",
"avatars": {
"small": "https://img1.doubanio.com/view/celebrity/s_ratio_celebrity/public/p35797.webp",
"large": "https://img1.doubanio.com/view/celebrity/s_ratio_celebrity/public/p35797.webp",
"medium": "https://img1.doubanio.com/view/celebrity/s_ratio_celebrity/public/p35797.webp"
},
"name": "刘诗诗",
"id": "1274533"
}
],
"collect_count": 37008,
"original_title": "心理罪之城市之光",
"subtype": "movie",
"directors": [
{
"alt": "https://movie.douban.com/celebrity/1317195/",
"avatars": {
"small": "https://img3.doubanio.com/view/celebrity/s_ratio_celebrity/public/p38956.webp",
"large": "https://img3.doubanio.com/view/celebrity/s_ratio_celebrity/public/p38956.webp",
"medium": "https://img3.doubanio.com/view/celebrity/s_ratio_celebrity/public/p38956.webp"
},
"name": "徐纪周",
"id": "1317195"
}
],
"year": "2017",
"images": {
"small": "https://img3.doubanio.com/view/photo/s_ratio_poster/public/p2506228506.webp",
"large": "https://img3.doubanio.com/view/photo/s_ratio_poster/public/p2506228506.webp",
"medium": "https://img3.doubanio.com/view/photo/s_ratio_poster/public/p2506228506.webp"
},
"alt": "https://movie.douban.com/subject/26774722/",
"id": "26774722"
},
{
"rating": {
"max": 10,
"average": 8.3,
"stars": "45",
"min": 0
},
"genres": [
"喜剧",
"动画",
"家庭"
],
"title": "帕丁顿熊2",
"casts": [
{
"alt": "https://movie.douban.com/celebrity/1025149/",
"avatars": {
"small": "https://img1.doubanio.com/view/celebrity/s_ratio_celebrity/public/p1397997449.99.webp",
"large": "https://img1.doubanio.com/view/celebrity/s_ratio_celebrity/public/p1397997449.99.webp",
"medium": "https://img1.doubanio.com/view/celebrity/s_ratio_celebrity/public/p1397997449.99.webp"
},
"name": "本·卫肖",
"id": "1025149"
},
{
"alt": "https://movie.douban.com/celebrity/1003493/",
"avatars": {
"small": "https://img3.doubanio.com/view/celebrity/s_ratio_celebrity/public/p1871.webp",
"large": "https://img3.doubanio.com/view/celebrity/s_ratio_celebrity/public/p1871.webp",
"medium": "https://img3.doubanio.com/view/celebrity/s_ratio_celebrity/public/p1871.webp"
},
"name": "休·格兰特",
"id": "1003493"
},
{
"alt": "https://movie.douban.com/celebrity/1041224/",
"avatars": {
"small": "https://img3.doubanio.com/view/celebrity/s_ratio_celebrity/public/p1416053013.86.webp",
"large": "https://img3.doubanio.com/view/celebrity/s_ratio_celebrity/public/p1416053013.86.webp",
"medium": "https://img3.doubanio.com/view/celebrity/s_ratio_celebrity/public/p1416053013.86.webp"
},
"name": "休·博内威利",
"id": "1041224"
}
],
"collect_count": 62147,
"original_title": "Paddington 2",
"subtype": "movie",
"directors": [
{
"alt": "https://movie.douban.com/celebrity/1313689/",
"avatars": {
"small": "https://img3.doubanio.com/view/celebrity/s_ratio_celebrity/public/p1425285993.52.webp",
"large": "https://img3.doubanio.com/view/celebrity/s_ratio_celebrity/public/p1425285993.52.webp",
"medium": "https://img3.doubanio.com/view/celebrity/s_ratio_celebrity/public/p1425285993.52.webp"
},
"name": "保罗·金",
"id": "1313689"
}
],
"year": "2017",
"images": {
"small": "https://img1.doubanio.com/view/photo/s_ratio_poster/public/p2506466229.webp",
"large": "https://img1.doubanio.com/view/photo/s_ratio_poster/public/p2506466229.webp",
"medium": "https://img1.doubanio.com/view/photo/s_ratio_poster/public/p2506466229.webp"
},
"alt": "https://movie.douban.com/subject/26340419/",
"id": "26340419"
},
{
"rating": {
"max": 10,
"average": 4.7,
"stars": "25",
"min": 0
},
"genres": [
"喜剧",
"恐怖"
],
"title": "妖铃铃",
"casts": [
{
"alt": "https://movie.douban.com/celebrity/1127819/",
"avatars": {
"small": "https://img1.doubanio.com/view/celebrity/s_ratio_celebrity/public/p45539.webp",
"large": "https://img1.doubanio.com/view/celebrity/s_ratio_celebrity/public/p45539.webp",
"medium": "https://img1.doubanio.com/view/celebrity/s_ratio_celebrity/public/p45539.webp"
},
"name": "吴君如",
"id": "1127819"
},
{
"alt": "https://movie.douban.com/celebrity/1325700/",
"avatars": {
"small": "https://img1.doubanio.com/view/celebrity/s_ratio_celebrity/public/p1356510694.28.webp",
"large": "https://img1.doubanio.com/view/celebrity/s_ratio_celebrity/public/p1356510694.28.webp",
"medium": "https://img1.doubanio.com/view/celebrity/s_ratio_celebrity/public/p1356510694.28.webp"
},
"name": "沈腾",
"id": "1325700"
},
{
"alt": "https://movie.douban.com/celebrity/1317663/",
"avatars": {
"small": "https://img3.doubanio.com/view/celebrity/s_ratio_celebrity/public/p40756.webp",
"large": "https://img3.doubanio.com/view/celebrity/s_ratio_celebrity/public/p40756.webp",
"medium": "https://img3.doubanio.com/view/celebrity/s_ratio_celebrity/public/p40756.webp"
},
"name": "岳云鹏",
"id": "1317663"
}
],
"collect_count": 30872,
"original_title": "妖铃铃",
"subtype": "movie",
"directors": [
{
"alt": "https://movie.douban.com/celebrity/1127819/",
"avatars": {
"small": "https://img1.doubanio.com/view/celebrity/s_ratio_celebrity/public/p45539.webp",
"large": "https://img1.doubanio.com/view/celebrity/s_ratio_celebrity/public/p45539.webp",
"medium": "https://img1.doubanio.com/view/celebrity/s_ratio_celebrity/public/p45539.webp"
},
"name": "吴君如",
"id": "1127819"
}
],
"year": "2017",
"images": {
"small": "https://img3.doubanio.com/view/photo/s_ratio_poster/public/p2506825662.webp",
"large": "https://img3.doubanio.com/view/photo/s_ratio_poster/public/p2506825662.webp",
"medium": "https://img3.doubanio.com/view/photo/s_ratio_poster/public/p2506825662.webp"
},
"alt": "https://movie.douban.com/subject/26966580/",
"id": "26966580"
},
{
"rating": {
"max": 10,
"average": 8.5,
"stars": "45",
"min": 0
},
"genres": [
"剧情",
"传记",
"动画"
],
"title": "至爱梵高·星空之谜",
"casts": [
{
"alt": "https://movie.douban.com/celebrity/1314461/",
"avatars": {
"small": "https://img3.doubanio.com/view/celebrity/s_ratio_celebrity/public/p43221.webp",
"large": "https://img3.doubanio.com/view/celebrity/s_ratio_celebrity/public/p43221.webp",
"medium": "https://img3.doubanio.com/view/celebrity/s_ratio_celebrity/public/p43221.webp"
},
"name": "道格拉斯·布斯",
"id": "1314461"
},
{
"alt": "https://movie.douban.com/celebrity/1376200/",
"avatars": {
"small": "https://img3.doubanio.com/view/celebrity/s_ratio_celebrity/public/p1498554583.31.webp",
"large": "https://img3.doubanio.com/view/celebrity/s_ratio_celebrity/public/p1498554583.31.webp",
"medium": "https://img3.doubanio.com/view/celebrity/s_ratio_celebrity/public/p1498554583.31.webp"
},
"name": "罗伯特·古拉奇克",
"id": "1376200"
},
{
"alt": "https://movie.douban.com/celebrity/1275043/",
"avatars": {
"small": "https://img1.doubanio.com/view/celebrity/s_ratio_celebrity/public/p1360941730.7.webp",
"large": "https://img1.doubanio.com/view/celebrity/s_ratio_celebrity/public/p1360941730.7.webp",
"medium": "https://img1.doubanio.com/view/celebrity/s_ratio_celebrity/public/p1360941730.7.webp"
},
"name": "埃莉诺·汤姆林森",
"id": "1275043"
}
],
"collect_count": 95469,
"original_title": "Loving Vincent",
"subtype": "movie",
"directors": [
{
"alt": "https://movie.douban.com/celebrity/1326282/",
"avatars": {
"small": "https://img1.doubanio.com/view/celebrity/s_ratio_celebrity/public/p1393488180.49.webp",
"large": "https://img1.doubanio.com/view/celebrity/s_ratio_celebrity/public/p1393488180.49.webp",
"medium": "https://img1.doubanio.com/view/celebrity/s_ratio_celebrity/public/p1393488180.49.webp"
},
"name": "多洛塔·科别拉",
"id": "1326282"
},
{
"alt": "https://movie.douban.com/celebrity/1306202/",
"avatars": {
"small": "https://img3.doubanio.com/view/celebrity/s_ratio_celebrity/public/p1498554460.64.webp",
"large": "https://img3.doubanio.com/view/celebrity/s_ratio_celebrity/public/p1498554460.64.webp",
"medium": "https://img3.doubanio.com/view/celebrity/s_ratio_celebrity/public/p1498554460.64.webp"
},
"name": "休·韦尔什曼",
"id": "1306202"
}
],
"year": "2017",
"images": {
"small": "https://img1.doubanio.com/view/photo/s_ratio_poster/public/p2506935748.webp",
"large": "https://img1.doubanio.com/view/photo/s_ratio_poster/public/p2506935748.webp",
"medium": "https://img1.doubanio.com/view/photo/s_ratio_poster/public/p2506935748.webp"
},
"alt": "https://movie.douban.com/subject/25837262/",
"id": "25837262"
},
{
"rating": {
"max": 10,
"average": 8.3,
"stars": "45",
"min": 0
},
"genres": [
"剧情",
"传记",
"历史"
],
"title": "尼斯·疯狂的心",
"casts": [
{
"alt": "https://movie.douban.com/celebrity/1050510/",
"avatars": {
"small": "https://img1.doubanio.com/view/celebrity/s_ratio_celebrity/public/p1394950362.99.webp",
"large": "https://img1.doubanio.com/view/celebrity/s_ratio_celebrity/public/p1394950362.99.webp",
"medium": "https://img1.doubanio.com/view/celebrity/s_ratio_celebrity/public/p1394950362.99.webp"
},
"name": "格劳瑞·皮尔丝",
"id": "1050510"
},
{
"alt": "https://movie.douban.com/celebrity/1208135/",
"avatars": {
"small": "https://img3.doubanio.com/view/celebrity/s_ratio_celebrity/public/p1515204774.95.webp",
"large": "https://img3.doubanio.com/view/celebrity/s_ratio_celebrity/public/p1515204774.95.webp",
"medium": "https://img3.doubanio.com/view/celebrity/s_ratio_celebrity/public/p1515204774.95.webp"
},
"name": "罗伯特·罗德里格斯",
"id": "1208135"
},
{
"alt": "https://movie.douban.com/celebrity/1080482/",
"avatars": {
"small": "https://img1.doubanio.com/view/celebrity/s_ratio_celebrity/public/p1515205080.37.webp",
"large": "https://img1.doubanio.com/view/celebrity/s_ratio_celebrity/public/p1515205080.37.webp",
"medium": "https://img1.doubanio.com/view/celebrity/s_ratio_celebrity/public/p1515205080.37.webp"
},
"name": "费尔南多·埃拉斯",
"id": "1080482"
}
],
"collect_count": 3593,
"original_title": "Nise - O Coração da Loucura",
"subtype": "movie",
"directors": [
{
"alt": "https://movie.douban.com/celebrity/1278468/",
"avatars": {
"small": "https://img3.doubanio.com/view/celebrity/s_ratio_celebrity/public/p1515204552.25.webp",
"large": "https://img3.doubanio.com/view/celebrity/s_ratio_celebrity/public/p1515204552.25.webp",
"medium": "https://img3.doubanio.com/view/celebrity/s_ratio_celebrity/public/p1515204552.25.webp"
},
"name": "罗伯托·柏林厄",
"id": "1278468"
}
],
"year": "2015",
"images": {
"small": "https://img3.doubanio.com/view/photo/s_ratio_poster/public/p2509401725.webp",
"large": "https://img3.doubanio.com/view/photo/s_ratio_poster/public/p2509401725.webp",
"medium": "https://img3.doubanio.com/view/photo/s_ratio_poster/public/p2509401725.webp"
},
"alt": "https://movie.douban.com/subject/26631663/",
"id": "26631663"
},
{
"rating": {
"max": 10,
"average": 5.3,
"stars": "30",
"min": 0
},
"genres": [
"剧情",
"奇幻"
],
"title": "解忧杂货店",
"casts": [
{
"alt": "https://movie.douban.com/celebrity/1339594/",
"avatars": {
"small": "https://img3.doubanio.com/view/celebrity/s_ratio_celebrity/public/p1503377320.23.webp",
"large": "https://img3.doubanio.com/view/celebrity/s_ratio_celebrity/public/p1503377320.23.webp",
"medium": "https://img3.doubanio.com/view/celebrity/s_ratio_celebrity/public/p1503377320.23.webp"
},
"name": "王俊凯",
"id": "1339594"
},
{
"alt": "https://movie.douban.com/celebrity/1325127/",
"avatars": {
"small": "https://img1.doubanio.com/view/celebrity/s_ratio_celebrity/public/p1492095415.48.webp",
"large": "https://img1.doubanio.com/view/celebrity/s_ratio_celebrity/public/p1492095415.48.webp",
"medium": "https://img1.doubanio.com/view/celebrity/s_ratio_celebrity/public/p1492095415.48.webp"
},
"name": "迪丽热巴",
"id": "1325127"
},
{
"alt": "https://movie.douban.com/celebrity/1330472/",
"avatars": {
"small": "https://img3.doubanio.com/view/celebrity/s_ratio_celebrity/public/p1385100761.5.webp",
"large": "https://img3.doubanio.com/view/celebrity/s_ratio_celebrity/public/p1385100761.5.webp",
"medium": "https://img3.doubanio.com/view/celebrity/s_ratio_celebrity/public/p1385100761.5.webp"
},
"name": "董子健",
"id": "1330472"
}
],
"collect_count": 34335,
"original_title": "解忧杂货店",
"subtype": "movie",
"directors": [
{
"alt": "https://movie.douban.com/celebrity/1316056/",
"avatars": {
"small": "https://img1.doubanio.com/view/celebrity/s_ratio_celebrity/public/p34888.webp",
"large": "https://img1.doubanio.com/view/celebrity/s_ratio_celebrity/public/p34888.webp",
"medium": "https://img1.doubanio.com/view/celebrity/s_ratio_celebrity/public/p34888.webp"
},
"name": "韩杰",
"id": "1316056"
}
],
"year": "2017",
"images": {
"small": "https://img3.doubanio.com/view/photo/s_ratio_poster/public/p2503544593.webp",
"large": "https://img3.doubanio.com/view/photo/s_ratio_poster/public/p2503544593.webp",
"medium": "https://img3.doubanio.com/view/photo/s_ratio_poster/public/p2503544593.webp"
},
"alt": "https://movie.douban.com/subject/26654146/",
"id": "26654146"
}
],
"title": "正在上映的电影-北京"
}