{
"count": 20,
"start": 0,
"total": 250,
"subjects": [
{
"rating": {
"max": 10,
"average": 9.6,
"stars": "50",
"min": 0
},
"genres": [
"犯罪",
"剧情"
],
"title": "肖申克的救赎",
"casts": [
{
"alt": "https://movie.douban.com/celebrity/1054521/",
"avatars": {
"small": "https://img3.doubanio.com/view/celebrity/s_ratio_celebrity/public/p17525.webp",
"large": "https://img3.doubanio.com/view/celebrity/s_ratio_celebrity/public/p17525.webp",
"medium": "https://img3.doubanio.com/view/celebrity/s_ratio_celebrity/public/p17525.webp"
},
"name": "蒂姆·罗宾斯",
"id": "1054521"
},
{
"alt": "https://movie.douban.com/celebrity/1054534/",
"avatars": {
"small": "https://img3.doubanio.com/view/celebrity/s_ratio_celebrity/public/p34642.webp",
"large": "https://img3.doubanio.com/view/celebrity/s_ratio_celebrity/public/p34642.webp",
"medium": "https://img3.doubanio.com/view/celebrity/s_ratio_celebrity/public/p34642.webp"
},
"name": "摩根·弗里曼",
"id": "1054534"
},
{
"alt": "https://movie.douban.com/celebrity/1041179/",
"avatars": {
"small": "https://img1.doubanio.com/view/celebrity/s_ratio_celebrity/public/p5837.webp",
"large": "https://img1.doubanio.com/view/celebrity/s_ratio_celebrity/public/p5837.webp",
"medium": "https://img1.doubanio.com/view/celebrity/s_ratio_celebrity/public/p5837.webp"
},
"name": "鲍勃·冈顿",
"id": "1041179"
}
],
"collect_count": 1198436,
"original_title": "The Shawshank Redemption",
"subtype": "movie",
"directors": [
{
"alt": "https://movie.douban.com/celebrity/1047973/",
"avatars": {
"small": "https://img3.doubanio.com/view/celebrity/s_ratio_celebrity/public/p230.webp",
"large": "https://img3.doubanio.com/view/celebrity/s_ratio_celebrity/public/p230.webp",
"medium": "https://img3.doubanio.com/view/celebrity/s_ratio_celebrity/public/p230.webp"
},
"name": "弗兰克·德拉邦特",
"id": "1047973"
}
],
"year": "1994",
"images": {
"small": "https://img3.doubanio.com/view/photo/s_ratio_poster/public/p480747492.webp",
"large": "https://img3.doubanio.com/view/photo/s_ratio_poster/public/p480747492.webp",
"medium": "https://img3.doubanio.com/view/photo/s_ratio_poster/public/p480747492.webp"
},
"alt": "https://movie.douban.com/subject/1292052/",
"id": "1292052"
},
{
"rating": {
"max": 10,
"average": 9.5,
"stars": "50",
"min": 0
},
"genres": [
"剧情",
"爱情",
"同性"
],
"title": "霸王别姬",
"casts": [
{
"alt": "https://movie.douban.com/celebrity/1003494/",
"avatars": {
"small": "https://img1.doubanio.com/view/celebrity/s_ratio_celebrity/public/p67.webp",
"large": "https://img1.doubanio.com/view/celebrity/s_ratio_celebrity/public/p67.webp",
"medium": "https://img1.doubanio.com/view/celebrity/s_ratio_celebrity/public/p67.webp"
},
"name": "张国荣",
"id": "1003494"
},
{
"alt": "https://movie.douban.com/celebrity/1050265/",
"avatars": {
"small": "https://img3.doubanio.com/view/celebrity/s_ratio_celebrity/public/p46345.webp",
"large": "https://img3.doubanio.com/view/celebrity/s_ratio_celebrity/public/p46345.webp",
"medium": "https://img3.doubanio.com/view/celebrity/s_ratio_celebrity/public/p46345.webp"
},
"name": "张丰毅",
"id": "1050265"
},
{
"alt": "https://movie.douban.com/celebrity/1035641/",
"avatars": {
"small": "https://img1.doubanio.com/view/celebrity/s_ratio_celebrity/public/p1399268395.47.webp",
"large": "https://img1.doubanio.com/view/celebrity/s_ratio_celebrity/public/p1399268395.47.webp",
"medium": "https://img1.doubanio.com/view/celebrity/s_ratio_celebrity/public/p1399268395.47.webp"
},
"name": "巩俐",
"id": "1035641"
}
],
"collect_count": 861647,
"original_title": "霸王别姬",
"subtype": "movie",
"directors": [
{
"alt": "https://movie.douban.com/celebrity/1023040/",
"avatars": {
"small": "https://img3.doubanio.com/view/celebrity/s_ratio_celebrity/public/p1451727734.81.webp",
"large": "https://img3.doubanio.com/view/celebrity/s_ratio_celebrity/public/p1451727734.81.webp",
"medium": "https://img3.doubanio.com/view/celebrity/s_ratio_celebrity/public/p1451727734.81.webp"
},
"name": "陈凯歌",
"id": "1023040"
}
],
"year": "1993",
"images": {
"small": "https://img3.doubanio.com/view/photo/s_ratio_poster/public/p1910813120.webp",
"large": "https://img3.doubanio.com/view/photo/s_ratio_poster/public/p1910813120.webp",
"medium": "https://img3.doubanio.com/view/photo/s_ratio_poster/public/p1910813120.webp"
},
"alt": "https://movie.douban.com/subject/1291546/",
"id": "1291546"
},
{
"rating": {
"max": 10,
"average": 9.4,
"stars": "50",
"min": 0
},
"genres": [
"剧情",
"动作",
"犯罪"
],
"title": "这个杀手不太冷",
"casts": [
{
"alt": "https://movie.douban.com/celebrity/1025182/",
"avatars": {
"small": "https://img3.doubanio.com/view/celebrity/s_ratio_celebrity/public/p8833.webp",
"large": "https://img3.doubanio.com/view/celebrity/s_ratio_celebrity/public/p8833.webp",
"medium": "https://img3.doubanio.com/view/celebrity/s_ratio_celebrity/public/p8833.webp"
},
"name": "让·雷诺",
"id": "1025182"
},
{
"alt": "https://movie.douban.com/celebrity/1054454/",
"avatars": {
"small": "https://img3.doubanio.com/view/celebrity/s_ratio_celebrity/public/p2274.webp",
"large": "https://img3.doubanio.com/view/celebrity/s_ratio_celebrity/public/p2274.webp",
"medium": "https://img3.doubanio.com/view/celebrity/s_ratio_celebrity/public/p2274.webp"
},
"name": "娜塔莉·波特曼",
"id": "1054454"
},
{
"alt": "https://movie.douban.com/celebrity/1010507/",
"avatars": {
"small": "https://img3.doubanio.com/view/celebrity/s_ratio_celebrity/public/p33896.webp",
"large": "https://img3.doubanio.com/view/celebrity/s_ratio_celebrity/public/p33896.webp",
"medium": "https://img3.doubanio.com/view/celebrity/s_ratio_celebrity/public/p33896.webp"
},
"name": "加里·奥德曼",
"id": "1010507"
}
],
"collect_count": 1146754,
"original_title": "Léon",
"subtype": "movie",
"directors": [
{
"alt": "https://movie.douban.com/celebrity/1031876/",
"avatars": {
"small": "https://img3.doubanio.com/view/celebrity/s_ratio_celebrity/public/p33301.webp",
"large": "https://img3.doubanio.com/view/celebrity/s_ratio_celebrity/public/p33301.webp",
"medium": "https://img3.doubanio.com/view/celebrity/s_ratio_celebrity/public/p33301.webp"
},
"name": "吕克·贝松",
"id": "1031876"
}
],
"year": "1994",
"images": {
"small": "https://img3.doubanio.com/view/photo/s_ratio_poster/public/p511118051.webp",
"large": "https://img3.doubanio.com/view/photo/s_ratio_poster/public/p511118051.webp",
"medium": "https://img3.doubanio.com/view/photo/s_ratio_poster/public/p511118051.webp"
},
"alt": "https://movie.douban.com/subject/1295644/",
"id": "1295644"
},
{
"rating": {
"max": 10,
"average": 9.4,
"stars": "50",
"min": 0
},
"genres": [
"剧情",
"爱情"
],
"title": "阿甘正传",
"casts": [
{
"alt": "https://movie.douban.com/celebrity/1054450/",
"avatars": {
"small": "https://img3.doubanio.com/view/celebrity/s_ratio_celebrity/public/p551.webp",
"large": "https://img3.doubanio.com/view/celebrity/s_ratio_celebrity/public/p551.webp",
"medium": "https://img3.doubanio.com/view/celebrity/s_ratio_celebrity/public/p551.webp"
},
"name": "汤姆·汉克斯",
"id": "1054450"
},
{
"alt": "https://movie.douban.com/celebrity/1002676/",
"avatars": {
"small": "https://img1.doubanio.com/view/celebrity/s_ratio_celebrity/public/p51737.webp",
"large": "https://img1.doubanio.com/view/celebrity/s_ratio_celebrity/public/p51737.webp",
"medium": "https://img1.doubanio.com/view/celebrity/s_ratio_celebrity/public/p51737.webp"
},
"name": "罗宾·怀特",
"id": "1002676"
},
{
"alt": "https://movie.douban.com/celebrity/1031848/",
"avatars": {
"small": "https://img3.doubanio.com/view/celebrity/s_ratio_celebrity/public/p1345.webp",
"large": "https://img3.doubanio.com/view/celebrity/s_ratio_celebrity/public/p1345.webp",
"medium": "https://img3.doubanio.com/view/celebrity/s_ratio_celebrity/public/p1345.webp"
},
"name": "加里·西尼斯",
"id": "1031848"
}
],
"collect_count": 1010498,
"original_title": "Forrest Gump",
"subtype": "movie",
"directors": [
{
"alt": "https://movie.douban.com/celebrity/1053564/",
"avatars": {
"small": "https://img3.doubanio.com/view/celebrity/s_ratio_celebrity/public/p505.webp",
"large": "https://img3.doubanio.com/view/celebrity/s_ratio_celebrity/public/p505.webp",
"medium": "https://img3.doubanio.com/view/celebrity/s_ratio_celebrity/public/p505.webp"
},
"name": "罗伯特·泽米吉斯",
"id": "1053564"
}
],
"year": "1994",
"images": {
"small": "https://img1.doubanio.com/view/photo/s_ratio_poster/public/p510876377.webp",
"large": "https://img1.doubanio.com/view/photo/s_ratio_poster/public/p510876377.webp",
"medium": "https://img1.doubanio.com/view/photo/s_ratio_poster/public/p510876377.webp"
},
"alt": "https://movie.douban.com/subject/1292720/",
"id": "1292720"
},
{
"rating": {
"max": 10,
"average": 9.5,
"stars": "50",
"min": 0
},
"genres": [
"剧情",
"喜剧",
"爱情"
],
"title": "美丽人生",
"casts": [
{
"alt": "https://movie.douban.com/celebrity/1041004/",
"avatars": {
"small": "https://img3.doubanio.com/view/celebrity/s_ratio_celebrity/public/p26764.webp",
"large": "https://img3.doubanio.com/view/celebrity/s_ratio_celebrity/public/p26764.webp",
"medium": "https://img3.doubanio.com/view/celebrity/s_ratio_celebrity/public/p26764.webp"
},
"name": "罗伯托·贝尼尼",
"id": "1041004"
},
{
"alt": "https://movie.douban.com/celebrity/1000375/",
"avatars": {
"small": "https://img1.doubanio.com/view/celebrity/s_ratio_celebrity/public/p9548.webp",
"large": "https://img1.doubanio.com/view/celebrity/s_ratio_celebrity/public/p9548.webp",
"medium": "https://img1.doubanio.com/view/celebrity/s_ratio_celebrity/public/p9548.webp"
},
"name": "尼可莱塔·布拉斯基",
"id": "1000375"
},
{
"alt": "https://movie.douban.com/celebrity/1000368/",
"avatars": {
"small": "https://img3.doubanio.com/view/celebrity/s_ratio_celebrity/public/p45590.webp",
"large": "https://img3.doubanio.com/view/celebrity/s_ratio_celebrity/public/p45590.webp",
"medium": "https://img3.doubanio.com/view/celebrity/s_ratio_celebrity/public/p45590.webp"
},
"name": "乔治·坎塔里尼",
"id": "1000368"
}
],
"collect_count": 565176,
"original_title": "La vita è bella",
"subtype": "movie",
"directors": [
{
"alt": "https://movie.douban.com/celebrity/1041004/",
"avatars": {
"small": "https://img3.doubanio.com/view/celebrity/s_ratio_celebrity/public/p26764.webp",
"large": "https://img3.doubanio.com/view/celebrity/s_ratio_celebrity/public/p26764.webp",
"medium": "https://img3.doubanio.com/view/celebrity/s_ratio_celebrity/public/p26764.webp"
},
"name": "罗伯托·贝尼尼",
"id": "1041004"
}
],
"year": "1997",
"images": {
"small": "https://img3.doubanio.com/view/photo/s_ratio_poster/public/p510861873.webp",
"large": "https://img3.doubanio.com/view/photo/s_ratio_poster/public/p510861873.webp",
"medium": "https://img3.doubanio.com/view/photo/s_ratio_poster/public/p510861873.webp"
},
"alt": "https://movie.douban.com/subject/1292063/",
"id": "1292063"
},
{
"rating": {
"max": 10,
"average": 9.2,
"stars": "50",
"min": 0
},
"genres": [
"剧情",
"动画",
"奇幻"
],
"title": "千与千寻",
"casts": [
{
"alt": "https://movie.douban.com/celebrity/1023337/",
"avatars": {
"small": "https://img3.doubanio.com/view/celebrity/s_ratio_celebrity/public/p1463193210.13.webp",
"large": "https://img3.doubanio.com/view/celebrity/s_ratio_celebrity/public/p1463193210.13.webp",
"medium": "https://img3.doubanio.com/view/celebrity/s_ratio_celebrity/public/p1463193210.13.webp"
},
"name": "柊瑠美",
"id": "1023337"
},
{
"alt": "https://movie.douban.com/celebrity/1005438/",
"avatars": {
"small": "https://img3.doubanio.com/view/celebrity/s_ratio_celebrity/public/p44986.webp",
"large": "https://img3.doubanio.com/view/celebrity/s_ratio_celebrity/public/p44986.webp",
"medium": "https://img3.doubanio.com/view/celebrity/s_ratio_celebrity/public/p44986.webp"
},
"name": "入野自由",
"id": "1005438"
},
{
"alt": "https://movie.douban.com/celebrity/1045797/",
"avatars": {
"small": "https://img3.doubanio.com/view/celebrity/s_ratio_celebrity/public/p18785.webp",
"large": "https://img3.doubanio.com/view/celebrity/s_ratio_celebrity/public/p18785.webp",
"medium": "https://img3.doubanio.com/view/celebrity/s_ratio_celebrity/public/p18785.webp"
},
"name": "夏木真理",
"id": "1045797"
}
],
"collect_count": 913825,
"original_title": "千と千尋の神隠し",
"subtype": "movie",
"directors": [
{
"alt": "https://movie.douban.com/celebrity/1054439/",
"avatars": {
"small": "https://img3.doubanio.com/view/celebrity/s_ratio_celebrity/public/p616.webp",
"large": "https://img3.doubanio.com/view/celebrity/s_ratio_celebrity/public/p616.webp",
"medium": "https://img3.doubanio.com/view/celebrity/s_ratio_celebrity/public/p616.webp"
},
"name": "宫崎骏",
"id": "1054439"
}
],
"year": "2001",
"images": {
"small": "https://img3.doubanio.com/view/photo/s_ratio_poster/public/p1910830216.webp",
"large": "https://img3.doubanio.com/view/photo/s_ratio_poster/public/p1910830216.webp",
"medium": "https://img3.doubanio.com/view/photo/s_ratio_poster/public/p1910830216.webp"
},
"alt": "https://movie.douban.com/subject/1291561/",
"id": "1291561"
},
{
"rating": {
"max": 10,
"average": 9.4,
"stars": "50",
"min": 0
},
"genres": [
"剧情",
"历史",
"战争"
],
"title": "辛德勒的名单",
"casts": [
{
"alt": "https://movie.douban.com/celebrity/1031220/",
"avatars": {
"small": "https://img3.doubanio.com/view/celebrity/s_ratio_celebrity/public/p44906.webp",
"large": "https://img3.doubanio.com/view/celebrity/s_ratio_celebrity/public/p44906.webp",
"medium": "https://img3.doubanio.com/view/celebrity/s_ratio_celebrity/public/p44906.webp"
},
"name": "连姆·尼森",
"id": "1031220"
},
{
"alt": "https://movie.douban.com/celebrity/1054393/",
"avatars": {
"small": "https://img1.doubanio.com/view/celebrity/s_ratio_celebrity/public/p1374649659.58.webp",
"large": "https://img1.doubanio.com/view/celebrity/s_ratio_celebrity/public/p1374649659.58.webp",
"medium": "https://img1.doubanio.com/view/celebrity/s_ratio_celebrity/public/p1374649659.58.webp"
},
"name": "本·金斯利",
"id": "1054393"
},
{
"alt": "https://movie.douban.com/celebrity/1006956/",
"avatars": {
"small": "https://img3.doubanio.com/view/celebrity/s_ratio_celebrity/public/p28941.webp",
"large": "https://img3.doubanio.com/view/celebrity/s_ratio_celebrity/public/p28941.webp",
"medium": "https://img3.doubanio.com/view/celebrity/s_ratio_celebrity/public/p28941.webp"
},
"name": "拉尔夫·费因斯",
"id": "1006956"
}
],
"collect_count": 534207,
"original_title": "Schindler's List",
"subtype": "movie",
"directors": [
{
"alt": "https://movie.douban.com/celebrity/1054440/",
"avatars": {
"small": "https://img1.doubanio.com/view/celebrity/s_ratio_celebrity/public/p617.webp",
"large": "https://img1.doubanio.com/view/celebrity/s_ratio_celebrity/public/p617.webp",
"medium": "https://img1.doubanio.com/view/celebrity/s_ratio_celebrity/public/p617.webp"
},
"name": "史蒂文·斯皮尔伯格",
"id": "1054440"
}
],
"year": "1993",
"images": {
"small": "https://img3.doubanio.com/view/photo/s_ratio_poster/public/p492406163.webp",
"large": "https://img3.doubanio.com/view/photo/s_ratio_poster/public/p492406163.webp",
"medium": "https://img3.doubanio.com/view/photo/s_ratio_poster/public/p492406163.webp"
},
"alt": "https://movie.douban.com/subject/1295124/",
"id": "1295124"
},
{
"rating": {
"max": 10,
"average": 9.2,
"stars": "50",
"min": 0
},
"genres": [
"剧情",
"爱情",
"灾难"
],
"title": "泰坦尼克号",
"casts": [
{
"alt": "https://movie.douban.com/celebrity/1041029/",
"avatars": {
"small": "https://img3.doubanio.com/view/celebrity/s_ratio_celebrity/public/p814.webp",
"large": "https://img3.doubanio.com/view/celebrity/s_ratio_celebrity/public/p814.webp",
"medium": "https://img3.doubanio.com/view/celebrity/s_ratio_celebrity/public/p814.webp"
},
"name": "莱昂纳多·迪卡普里奥",
"id": "1041029"
},
{
"alt": "https://movie.douban.com/celebrity/1054446/",
"avatars": {
"small": "https://img1.doubanio.com/view/celebrity/s_ratio_celebrity/public/p53358.webp",
"large": "https://img1.doubanio.com/view/celebrity/s_ratio_celebrity/public/p53358.webp",
"medium": "https://img1.doubanio.com/view/celebrity/s_ratio_celebrity/public/p53358.webp"
},
"name": "凯特·温丝莱特",
"id": "1054446"
},
{
"alt": "https://movie.douban.com/celebrity/1031864/",
"avatars": {
"small": "https://img3.doubanio.com/view/celebrity/s_ratio_celebrity/public/p45186.webp",
"large": "https://img3.doubanio.com/view/celebrity/s_ratio_celebrity/public/p45186.webp",
"medium": "https://img3.doubanio.com/view/celebrity/s_ratio_celebrity/public/p45186.webp"
},
"name": "比利·赞恩",
"id": "1031864"
}
],
"collect_count": 932202,
"original_title": "Titanic",
"subtype": "movie",
"directors": [
{
"alt": "https://movie.douban.com/celebrity/1022571/",
"avatars": {
"small": "https://img3.doubanio.com/view/celebrity/s_ratio_celebrity/public/p33715.webp",
"large": "https://img3.doubanio.com/view/celebrity/s_ratio_celebrity/public/p33715.webp",
"medium": "https://img3.doubanio.com/view/celebrity/s_ratio_celebrity/public/p33715.webp"
},
"name": "詹姆斯·卡梅隆",
"id": "1022571"
}
],
"year": "1997",
"images": {
"small": "https://img3.doubanio.com/view/photo/s_ratio_poster/public/p457760035.webp",
"large": "https://img3.doubanio.com/view/photo/s_ratio_poster/public/p457760035.webp",
"medium": "https://img3.doubanio.com/view/photo/s_ratio_poster/public/p457760035.webp"
},
"alt": "https://movie.douban.com/subject/1292722/",
"id": "1292722"
},
{
"rating": {
"max": 10,
"average": 9.3,
"stars": "50",
"min": 0
},
"genres": [
"剧情",
"动作",
"科幻"
],
"title": "盗梦空间",
"casts": [
{
"alt": "https://movie.douban.com/celebrity/1041029/",
"avatars": {
"small": "https://img3.doubanio.com/view/celebrity/s_ratio_celebrity/public/p814.webp",
"large": "https://img3.doubanio.com/view/celebrity/s_ratio_celebrity/public/p814.webp",
"medium": "https://img3.doubanio.com/view/celebrity/s_ratio_celebrity/public/p814.webp"
},
"name": "莱昂纳多·迪卡普里奥",
"id": "1041029"
},
{
"alt": "https://movie.douban.com/celebrity/1101703/",
"avatars": {
"small": "https://img1.doubanio.com/view/celebrity/s_ratio_celebrity/public/p3517.webp",
"large": "https://img1.doubanio.com/view/celebrity/s_ratio_celebrity/public/p3517.webp",
"medium": "https://img1.doubanio.com/view/celebrity/s_ratio_celebrity/public/p3517.webp"
},
"name": "约瑟夫·高登-莱维特",
"id": "1101703"
},
{
"alt": "https://movie.douban.com/celebrity/1012520/",
"avatars": {
"small": "https://img1.doubanio.com/view/celebrity/s_ratio_celebrity/public/p118.webp",
"large": "https://img1.doubanio.com/view/celebrity/s_ratio_celebrity/public/p118.webp",
"medium": "https://img1.doubanio.com/view/celebrity/s_ratio_celebrity/public/p118.webp"
},
"name": "艾伦·佩吉",
"id": "1012520"
}
],
"collect_count": 1008381,
"original_title": "Inception",
"subtype": "movie",
"directors": [
{
"alt": "https://movie.douban.com/celebrity/1054524/",
"avatars": {
"small": "https://img3.doubanio.com/view/celebrity/s_ratio_celebrity/public/p673.webp",
"large": "https://img3.doubanio.com/view/celebrity/s_ratio_celebrity/public/p673.webp",
"medium": "https://img3.doubanio.com/view/celebrity/s_ratio_celebrity/public/p673.webp"
},
"name": "克里斯托弗·诺兰",
"id": "1054524"
}
],
"year": "2010",
"images": {
"small": "https://img3.doubanio.com/view/photo/s_ratio_poster/public/p513344864.webp",
"large": "https://img3.doubanio.com/view/photo/s_ratio_poster/public/p513344864.webp",
"medium": "https://img3.doubanio.com/view/photo/s_ratio_poster/public/p513344864.webp"
},
"alt": "https://movie.douban.com/subject/3541415/",
"id": "3541415"
},
{
"rating": {
"max": 10,
"average": 9.3,
"stars": "50",
"min": 0
},
"genres": [
"喜剧",
"爱情",
"科幻"
],
"title": "机器人总动员",
"casts": [
{
"alt": "https://movie.douban.com/celebrity/1009535/",
"avatars": {
"small": "https://img1.doubanio.com/view/celebrity/s_ratio_celebrity/public/p13028.webp",
"large": "https://img1.doubanio.com/view/celebrity/s_ratio_celebrity/public/p13028.webp",
"medium": "https://img1.doubanio.com/view/celebrity/s_ratio_celebrity/public/p13028.webp"
},
"name": "本·贝尔特",
"id": "1009535"
},
{
"alt": "https://movie.douban.com/celebrity/1000389/",
"avatars": {
"small": "https://img3.doubanio.com/view/celebrity/s_ratio_celebrity/public/p1365856130.16.webp",
"large": "https://img3.doubanio.com/view/celebrity/s_ratio_celebrity/public/p1365856130.16.webp",
"medium": "https://img3.doubanio.com/view/celebrity/s_ratio_celebrity/public/p1365856130.16.webp"
},
"name": "艾丽莎·奈特",
"id": "1000389"
},
{
"alt": "https://movie.douban.com/celebrity/1018022/",
"avatars": {
"small": "https://img1.doubanio.com/view/celebrity/s_ratio_celebrity/public/p31068.webp",
"large": "https://img1.doubanio.com/view/celebrity/s_ratio_celebrity/public/p31068.webp",
"medium": "https://img1.doubanio.com/view/celebrity/s_ratio_celebrity/public/p31068.webp"
},
"name": "杰夫·格尔林",
"id": "1018022"
}
],
"collect_count": 653641,
"original_title": "WALL·E",
"subtype": "movie",
"directors": [
{
"alt": "https://movie.douban.com/celebrity/1036450/",
"avatars": {
"small": "https://img3.doubanio.com/view/celebrity/s_ratio_celebrity/public/p1467359656.96.webp",
"large": "https://img3.doubanio.com/view/celebrity/s_ratio_celebrity/public/p1467359656.96.webp",
"medium": "https://img3.doubanio.com/view/celebrity/s_ratio_celebrity/public/p1467359656.96.webp"
},
"name": "安德鲁·斯坦顿",
"id": "1036450"
}
],
"year": "2008",
"images": {
"small": "https://img3.doubanio.com/view/photo/s_ratio_poster/public/p449665982.webp",
"large": "https://img3.doubanio.com/view/photo/s_ratio_poster/public/p449665982.webp",
"medium": "https://img3.doubanio.com/view/photo/s_ratio_poster/public/p449665982.webp"
},
"alt": "https://movie.douban.com/subject/2131459/",
"id": "2131459"
},
{
"rating": {
"max": 10,
"average": 9.2,
"stars": "45",
"min": 0
},
"genres": [
"剧情",
"音乐"
],
"title": "海上钢琴师",
"casts": [
{
"alt": "https://movie.douban.com/celebrity/1025176/",
"avatars": {
"small": "https://img3.doubanio.com/view/celebrity/s_ratio_celebrity/public/p6281.webp",
"large": "https://img3.doubanio.com/view/celebrity/s_ratio_celebrity/public/p6281.webp",
"medium": "https://img3.doubanio.com/view/celebrity/s_ratio_celebrity/public/p6281.webp"
},
"name": "蒂姆·罗斯",
"id": "1025176"
},
{
"alt": "https://movie.douban.com/celebrity/1010659/",
"avatars": {
"small": "https://img3.doubanio.com/view/celebrity/s_ratio_celebrity/public/p1355152571.6.webp",
"large": "https://img3.doubanio.com/view/celebrity/s_ratio_celebrity/public/p1355152571.6.webp",
"medium": "https://img3.doubanio.com/view/celebrity/s_ratio_celebrity/public/p1355152571.6.webp"
},
"name": "普路特·泰勒·文斯",
"id": "1010659"
},
{
"alt": "https://movie.douban.com/celebrity/1027407/",
"avatars": {
"small": "https://img3.doubanio.com/view/celebrity/s_ratio_celebrity/public/p12333.webp",
"large": "https://img3.doubanio.com/view/celebrity/s_ratio_celebrity/public/p12333.webp",
"medium": "https://img3.doubanio.com/view/celebrity/s_ratio_celebrity/public/p12333.webp"
},
"name": "比尔·努恩",
"id": "1027407"
}
],
"collect_count": 818299,
"original_title": "La leggenda del pianista sull'oceano",
"subtype": "movie",
"directors": [
{
"alt": "https://movie.douban.com/celebrity/1018983/",
"avatars": {
"small": "https://img3.doubanio.com/view/celebrity/s_ratio_celebrity/public/p195.webp",
"large": "https://img3.doubanio.com/view/celebrity/s_ratio_celebrity/public/p195.webp",
"medium": "https://img3.doubanio.com/view/celebrity/s_ratio_celebrity/public/p195.webp"
},
"name": "朱塞佩·托纳多雷",
"id": "1018983"
}
],
"year": "1998",
"images": {
"small": "https://img1.doubanio.com/view/photo/s_ratio_poster/public/p511146807.webp",
"large": "https://img1.doubanio.com/view/photo/s_ratio_poster/public/p511146807.webp",
"medium": "https://img1.doubanio.com/view/photo/s_ratio_poster/public/p511146807.webp"
},
"alt": "https://movie.douban.com/subject/1292001/",
"id": "1292001"
},
{
"rating": {
"max": 10,
"average": 9.1,
"stars": "45",
"min": 0
},
"genres": [
"剧情",
"喜剧",
"爱情"
],
"title": "三傻大闹宝莱坞",
"casts": [
{
"alt": "https://movie.douban.com/celebrity/1031931/",
"avatars": {
"small": "https://img1.doubanio.com/view/celebrity/s_ratio_celebrity/public/p13628.webp",
"large": "https://img1.doubanio.com/view/celebrity/s_ratio_celebrity/public/p13628.webp",
"medium": "https://img1.doubanio.com/view/celebrity/s_ratio_celebrity/public/p13628.webp"
},
"name": "阿米尔·汗",
"id": "1031931"
},
{
"alt": "https://movie.douban.com/celebrity/1049635/",
"avatars": {
"small": "https://img1.doubanio.com/view/celebrity/s_ratio_celebrity/public/p5568.webp",
"large": "https://img1.doubanio.com/view/celebrity/s_ratio_celebrity/public/p5568.webp",
"medium": "https://img1.doubanio.com/view/celebrity/s_ratio_celebrity/public/p5568.webp"
},
"name": "卡琳娜·卡普尔",
"id": "1049635"
},
{
"alt": "https://movie.douban.com/celebrity/1018290/",
"avatars": {
"small": "https://img3.doubanio.com/view/celebrity/s_ratio_celebrity/public/p5651.webp",
"large": "https://img3.doubanio.com/view/celebrity/s_ratio_celebrity/public/p5651.webp",
"medium": "https://img3.doubanio.com/view/celebrity/s_ratio_celebrity/public/p5651.webp"
},
"name": "马达范",
"id": "1018290"
}
],
"collect_count": 888017,
"original_title": "3 Idiots",
"subtype": "movie",
"directors": [
{
"alt": "https://movie.douban.com/celebrity/1286677/",
"avatars": {
"small": "https://img1.doubanio.com/view/celebrity/s_ratio_celebrity/public/p16549.webp",
"large": "https://img1.doubanio.com/view/celebrity/s_ratio_celebrity/public/p16549.webp",
"medium": "https://img1.doubanio.com/view/celebrity/s_ratio_celebrity/public/p16549.webp"
},
"name": "拉吉库马尔·希拉尼",
"id": "1286677"
}
],
"year": "2009",
"images": {
"small": "https://img3.doubanio.com/view/photo/s_ratio_poster/public/p579729551.webp",
"large": "https://img3.doubanio.com/view/photo/s_ratio_poster/public/p579729551.webp",
"medium": "https://img3.doubanio.com/view/photo/s_ratio_poster/public/p579729551.webp"
},
"alt": "https://movie.douban.com/subject/3793023/",
"id": "3793023"
},
{
"rating": {
"max": 10,
"average": 9.2,
"stars": "50",
"min": 0
},
"genres": [
"剧情"
],
"title": "忠犬八公的故事",
"casts": [
{
"alt": "https://movie.douban.com/celebrity/1040997/",
"avatars": {
"small": "https://img3.doubanio.com/view/celebrity/s_ratio_celebrity/public/p33013.webp",
"large": "https://img3.doubanio.com/view/celebrity/s_ratio_celebrity/public/p33013.webp",
"medium": "https://img3.doubanio.com/view/celebrity/s_ratio_celebrity/public/p33013.webp"
},
"name": "理查·基尔",
"id": "1040997"
},
{
"alt": "https://movie.douban.com/celebrity/1049499/",
"avatars": {
"small": "https://img3.doubanio.com/view/celebrity/s_ratio_celebrity/public/p5502.webp",
"large": "https://img3.doubanio.com/view/celebrity/s_ratio_celebrity/public/p5502.webp",
"medium": "https://img3.doubanio.com/view/celebrity/s_ratio_celebrity/public/p5502.webp"
},
"name": "萨拉·罗默尔",
"id": "1049499"
},
{
"alt": "https://movie.douban.com/celebrity/1025215/",
"avatars": {
"small": "https://img3.doubanio.com/view/celebrity/s_ratio_celebrity/public/p17520.webp",
"large": "https://img3.doubanio.com/view/celebrity/s_ratio_celebrity/public/p17520.webp",
"medium": "https://img3.doubanio.com/view/celebrity/s_ratio_celebrity/public/p17520.webp"
},
"name": "琼·艾伦",
"id": "1025215"
}
],
"collect_count": 609007,
"original_title": "Hachi: A Dog's Tale",
"subtype": "movie",
"directors": [
{
"alt": "https://movie.douban.com/celebrity/1018014/",
"avatars": {
"small": "https://img3.doubanio.com/view/celebrity/s_ratio_celebrity/public/p4333.webp",
"large": "https://img3.doubanio.com/view/celebrity/s_ratio_celebrity/public/p4333.webp",
"medium": "https://img3.doubanio.com/view/celebrity/s_ratio_celebrity/public/p4333.webp"
},
"name": "拉斯·霍尔斯道姆",
"id": "1018014"
}
],
"year": "2009",
"images": {
"small": "https://img3.doubanio.com/view/photo/s_ratio_poster/public/p524964016.webp",
"large": "https://img3.doubanio.com/view/photo/s_ratio_poster/public/p524964016.webp",
"medium": "https://img3.doubanio.com/view/photo/s_ratio_poster/public/p524964016.webp"
},
"alt": "https://movie.douban.com/subject/3011091/",
"id": "3011091"
},
{
"rating": {
"max": 10,
"average": 9.2,
"stars": "50",
"min": 0
},
"genres": [
"剧情",
"音乐"
],
"title": "放牛班的春天",
"casts": [
{
"alt": "https://movie.douban.com/celebrity/1048281/",
"avatars": {
"small": "https://img3.doubanio.com/view/celebrity/s_ratio_celebrity/public/p3363.webp",
"large": "https://img3.doubanio.com/view/celebrity/s_ratio_celebrity/public/p3363.webp",
"medium": "https://img3.doubanio.com/view/celebrity/s_ratio_celebrity/public/p3363.webp"
},
"name": "热拉尔·朱尼奥",
"id": "1048281"
},
{
"alt": "https://movie.douban.com/celebrity/1036712/",
"avatars": {
"small": "https://img3.doubanio.com/view/celebrity/s_ratio_celebrity/public/p1414312828.15.webp",
"large": "https://img3.doubanio.com/view/celebrity/s_ratio_celebrity/public/p1414312828.15.webp",
"medium": "https://img3.doubanio.com/view/celebrity/s_ratio_celebrity/public/p1414312828.15.webp"
},
"name": "让-巴蒂斯特·莫尼耶",
"id": "1036712"
},
{
"alt": "https://movie.douban.com/celebrity/1054351/",
"avatars": {
"small": "https://img1.doubanio.com/view/celebrity/s_ratio_celebrity/public/p9329.webp",
"large": "https://img1.doubanio.com/view/celebrity/s_ratio_celebrity/public/p9329.webp",
"medium": "https://img1.doubanio.com/view/celebrity/s_ratio_celebrity/public/p9329.webp"
},
"name": "弗朗索瓦·贝莱昂",
"id": "1054351"
}
],
"collect_count": 624798,
"original_title": "Les choristes",
"subtype": "movie",
"directors": [
{
"alt": "https://movie.douban.com/celebrity/1277959/",
"avatars": {
"small": "https://img3.doubanio.com/view/celebrity/s_ratio_celebrity/public/p24744.webp",
"large": "https://img3.doubanio.com/view/celebrity/s_ratio_celebrity/public/p24744.webp",
"medium": "https://img3.doubanio.com/view/celebrity/s_ratio_celebrity/public/p24744.webp"
},
"name": "克里斯托夫·巴拉蒂",
"id": "1277959"
}
],
"year": "2004",
"images": {
"small": "https://img3.doubanio.com/view/photo/s_ratio_poster/public/p1910824951.webp",
"large": "https://img3.doubanio.com/view/photo/s_ratio_poster/public/p1910824951.webp",
"medium": "https://img3.doubanio.com/view/photo/s_ratio_poster/public/p1910824951.webp"
},
"alt": "https://movie.douban.com/subject/1291549/",
"id": "1291549"
},
{
"rating": {
"max": 10,
"average": 9.2,
"stars": "45",
"min": 0
},
"genres": [
"喜剧",
"爱情",
"奇幻"
],
"title": "大话西游之大圣娶亲",
"casts": [
{
"alt": "https://movie.douban.com/celebrity/1048026/",
"avatars": {
"small": "https://img3.doubanio.com/view/celebrity/s_ratio_celebrity/public/p47421.webp",
"large": "https://img3.doubanio.com/view/celebrity/s_ratio_celebrity/public/p47421.webp",
"medium": "https://img3.doubanio.com/view/celebrity/s_ratio_celebrity/public/p47421.webp"
},
"name": "周星驰",
"id": "1048026"
},
{
"alt": "https://movie.douban.com/celebrity/1016771/",
"avatars": {
"small": "https://img3.doubanio.com/view/celebrity/s_ratio_celebrity/public/p45481.webp",
"large": "https://img3.doubanio.com/view/celebrity/s_ratio_celebrity/public/p45481.webp",
"medium": "https://img3.doubanio.com/view/celebrity/s_ratio_celebrity/public/p45481.webp"
},
"name": "吴孟达",
"id": "1016771"
},
{
"alt": "https://movie.douban.com/celebrity/1041734/",
"avatars": {
"small": "https://img1.doubanio.com/view/celebrity/s_ratio_celebrity/public/p49237.webp",
"large": "https://img1.doubanio.com/view/celebrity/s_ratio_celebrity/public/p49237.webp",
"medium": "https://img1.doubanio.com/view/celebrity/s_ratio_celebrity/public/p49237.webp"
},
"name": "朱茵",
"id": "1041734"
}
],
"collect_count": 669216,
"original_title": "西遊記大結局之仙履奇緣",
"subtype": "movie",
"directors": [
{
"alt": "https://movie.douban.com/celebrity/1274431/",
"avatars": {
"small": "https://img3.doubanio.com/view/celebrity/s_ratio_celebrity/public/p45374.webp",
"large": "https://img3.doubanio.com/view/celebrity/s_ratio_celebrity/public/p45374.webp",
"medium": "https://img3.doubanio.com/view/celebrity/s_ratio_celebrity/public/p45374.webp"
},
"name": "刘镇伟",
"id": "1274431"
}
],
"year": "1995",
"images": {
"small": "https://img3.doubanio.com/view/photo/s_ratio_poster/public/p2455050536.webp",
"large": "https://img3.doubanio.com/view/photo/s_ratio_poster/public/p2455050536.webp",
"medium": "https://img3.doubanio.com/view/photo/s_ratio_poster/public/p2455050536.webp"
},
"alt": "https://movie.douban.com/subject/1292213/",
"id": "1292213"
},
{
"rating": {
"max": 10,
"average": 9.2,
"stars": "50",
"min": 0
},
"genres": [
"剧情",
"犯罪"
],
"title": "教父",
"casts": [
{
"alt": "https://movie.douban.com/celebrity/1041025/",
"avatars": {
"small": "https://img3.doubanio.com/view/celebrity/s_ratio_celebrity/public/p45035.webp",
"large": "https://img3.doubanio.com/view/celebrity/s_ratio_celebrity/public/p45035.webp",
"medium": "https://img3.doubanio.com/view/celebrity/s_ratio_celebrity/public/p45035.webp"
},
"name": "马龙·白兰度",
"id": "1041025"
},
{
"alt": "https://movie.douban.com/celebrity/1054451/",
"avatars": {
"small": "https://img3.doubanio.com/view/celebrity/s_ratio_celebrity/public/p645.webp",
"large": "https://img3.doubanio.com/view/celebrity/s_ratio_celebrity/public/p645.webp",
"medium": "https://img3.doubanio.com/view/celebrity/s_ratio_celebrity/public/p645.webp"
},
"name": "阿尔·帕西诺",
"id": "1054451"
},
{
"alt": "https://movie.douban.com/celebrity/1000050/",
"avatars": {
"small": "https://img3.doubanio.com/view/celebrity/s_ratio_celebrity/public/p53524.webp",
"large": "https://img3.doubanio.com/view/celebrity/s_ratio_celebrity/public/p53524.webp",
"medium": "https://img3.doubanio.com/view/celebrity/s_ratio_celebrity/public/p53524.webp"
},
"name": "詹姆斯·肯恩",
"id": "1000050"
}
],
"collect_count": 481466,
"original_title": "The Godfather",
"subtype": "movie",
"directors": [
{
"alt": "https://movie.douban.com/celebrity/1054419/",
"avatars": {
"small": "https://img3.doubanio.com/view/celebrity/s_ratio_celebrity/public/p592.webp",
"large": "https://img3.doubanio.com/view/celebrity/s_ratio_celebrity/public/p592.webp",
"medium": "https://img3.doubanio.com/view/celebrity/s_ratio_celebrity/public/p592.webp"
},
"name": "弗朗西斯·福特·科波拉",
"id": "1054419"
}
],
"year": "1972",
"images": {
"small": "https://img3.doubanio.com/view/photo/s_ratio_poster/public/p2190556185.webp",
"large": "https://img3.doubanio.com/view/photo/s_ratio_poster/public/p2190556185.webp",
"medium": "https://img3.doubanio.com/view/photo/s_ratio_poster/public/p2190556185.webp"
},
"alt": "https://movie.douban.com/subject/1291841/",
"id": "1291841"
},
{
"rating": {
"max": 10,
"average": 9.1,
"stars": "45",
"min": 0
},
"genres": [
"儿童",
"动画",
"奇幻"
],
"title": "龙猫",
"casts": [
{
"alt": "https://movie.douban.com/celebrity/1019382/",
"avatars": {
"small": "https://img3.doubanio.com/view/celebrity/s_ratio_celebrity/public/p1455201170.02.webp",
"large": "https://img3.doubanio.com/view/celebrity/s_ratio_celebrity/public/p1455201170.02.webp",
"medium": "https://img3.doubanio.com/view/celebrity/s_ratio_celebrity/public/p1455201170.02.webp"
},
"name": "日高法子",
"id": "1019382"
},
{
"alt": "https://movie.douban.com/celebrity/1025582/",
"avatars": {
"small": "https://img1.doubanio.com/view/celebrity/s_ratio_celebrity/public/p29537.webp",
"large": "https://img1.doubanio.com/view/celebrity/s_ratio_celebrity/public/p29537.webp",
"medium": "https://img1.doubanio.com/view/celebrity/s_ratio_celebrity/public/p29537.webp"
},
"name": "坂本千夏",
"id": "1025582"
},
{
"alt": "https://movie.douban.com/celebrity/1379738/",
"avatars": {
"small": "https://img3.doubanio.com/view/celebrity/s_ratio_celebrity/public/p1503457262.72.webp",
"large": "https://img3.doubanio.com/view/celebrity/s_ratio_celebrity/public/p1503457262.72.webp",
"medium": "https://img3.doubanio.com/view/celebrity/s_ratio_celebrity/public/p1503457262.72.webp"
},
"name": "糸井重里",
"id": "1379738"
}
],
"collect_count": 583701,
"original_title": "となりのトトロ",
"subtype": "movie",
"directors": [
{
"alt": "https://movie.douban.com/celebrity/1054439/",
"avatars": {
"small": "https://img3.doubanio.com/view/celebrity/s_ratio_celebrity/public/p616.webp",
"large": "https://img3.doubanio.com/view/celebrity/s_ratio_celebrity/public/p616.webp",
"medium": "https://img3.doubanio.com/view/celebrity/s_ratio_celebrity/public/p616.webp"
},
"name": "宫崎骏",
"id": "1054439"
}
],
"year": "1988",
"images": {
"small": "https://img3.doubanio.com/view/photo/s_ratio_poster/public/p456668316.webp",
"large": "https://img3.doubanio.com/view/photo/s_ratio_poster/public/p456668316.webp",
"medium": "https://img3.doubanio.com/view/photo/s_ratio_poster/public/p456668316.webp"
},
"alt": "https://movie.douban.com/subject/1291560/",
"id": "1291560"
},
{
"rating": {
"max": 10,
"average": 9.1,
"stars": "45",
"min": 0
},
"genres": [
"剧情",
"科幻"
],
"title": "楚门的世界",
"casts": [
{
"alt": "https://movie.douban.com/celebrity/1054438/",
"avatars": {
"small": "https://img3.doubanio.com/view/celebrity/s_ratio_celebrity/public/p615.webp",
"large": "https://img3.doubanio.com/view/celebrity/s_ratio_celebrity/public/p615.webp",
"medium": "https://img3.doubanio.com/view/celebrity/s_ratio_celebrity/public/p615.webp"
},
"name": "金·凯瑞",
"id": "1054438"
},
{
"alt": "https://movie.douban.com/celebrity/1053572/",
"avatars": {
"small": "https://img3.doubanio.com/view/celebrity/s_ratio_celebrity/public/p516.webp",
"large": "https://img3.doubanio.com/view/celebrity/s_ratio_celebrity/public/p516.webp",
"medium": "https://img3.doubanio.com/view/celebrity/s_ratio_celebrity/public/p516.webp"
},
"name": "劳拉·琳妮",
"id": "1053572"
},
{
"alt": "https://movie.douban.com/celebrity/1048024/",
"avatars": {
"small": "https://img3.doubanio.com/view/celebrity/s_ratio_celebrity/public/p1485163747.76.webp",
"large": "https://img3.doubanio.com/view/celebrity/s_ratio_celebrity/public/p1485163747.76.webp",
"medium": "https://img3.doubanio.com/view/celebrity/s_ratio_celebrity/public/p1485163747.76.webp"
},
"name": "艾德·哈里斯",
"id": "1048024"
}
],
"collect_count": 615907,
"original_title": "The Truman Show",
"subtype": "movie",
"directors": [
{
"alt": "https://movie.douban.com/celebrity/1022721/",
"avatars": {
"small": "https://img3.doubanio.com/view/celebrity/s_ratio_celebrity/public/p4360.webp",
"large": "https://img3.doubanio.com/view/celebrity/s_ratio_celebrity/public/p4360.webp",
"medium": "https://img3.doubanio.com/view/celebrity/s_ratio_celebrity/public/p4360.webp"
},
"name": "彼得·威尔",
"id": "1022721"
}
],
"year": "1998",
"images": {
"small": "https://img3.doubanio.com/view/photo/s_ratio_poster/public/p479682972.webp",
"large": "https://img3.doubanio.com/view/photo/s_ratio_poster/public/p479682972.webp",
"medium": "https://img3.doubanio.com/view/photo/s_ratio_poster/public/p479682972.webp"
},
"alt": "https://movie.douban.com/subject/1292064/",
"id": "1292064"
},
{
"rating": {
"max": 10,
"average": 9.2,
"stars": "50",
"min": 0
},
"genres": [
"剧情",
"历史",
"爱情"
],
"title": "乱世佳人",
"casts": [
{
"alt": "https://movie.douban.com/celebrity/1124117/",
"avatars": {
"small": "https://img3.doubanio.com/view/celebrity/s_ratio_celebrity/public/p5001.webp",
"large": "https://img3.doubanio.com/view/celebrity/s_ratio_celebrity/public/p5001.webp",
"medium": "https://img3.doubanio.com/view/celebrity/s_ratio_celebrity/public/p5001.webp"
},
"name": "托马斯·米切尔",
"id": "1124117"
},
{
"alt": "https://movie.douban.com/celebrity/1009640/",
"avatars": {
"small": "https://img1.doubanio.com/view/celebrity/s_ratio_celebrity/public/p1388726204.18.webp",
"large": "https://img1.doubanio.com/view/celebrity/s_ratio_celebrity/public/p1388726204.18.webp",
"medium": "https://img1.doubanio.com/view/celebrity/s_ratio_celebrity/public/p1388726204.18.webp"
},
"name": "芭芭拉·欧内尔",
"id": "1009640"
},
{
"alt": "https://movie.douban.com/celebrity/1010506/",
"avatars": {
"small": "https://img3.doubanio.com/view/celebrity/s_ratio_celebrity/public/p3151.webp",
"large": "https://img3.doubanio.com/view/celebrity/s_ratio_celebrity/public/p3151.webp",
"medium": "https://img3.doubanio.com/view/celebrity/s_ratio_celebrity/public/p3151.webp"
},
"name": "费雯·丽",
"id": "1010506"
}
],
"collect_count": 384776,
"original_title": "Gone with the Wind",
"subtype": "movie",
"directors": [
{
"alt": "https://movie.douban.com/celebrity/1032275/",
"avatars": {
"small": "https://img3.doubanio.com/view/celebrity/s_ratio_celebrity/public/p11303.webp",
"large": "https://img3.doubanio.com/view/celebrity/s_ratio_celebrity/public/p11303.webp",
"medium": "https://img3.doubanio.com/view/celebrity/s_ratio_celebrity/public/p11303.webp"
},
"name": "维克多·弗莱明",
"id": "1032275"
},
{
"alt": "https://movie.douban.com/celebrity/1010711/",
"avatars": {
"small": "https://img1.doubanio.com/view/celebrity/s_ratio_celebrity/public/p19067.webp",
"large": "https://img1.doubanio.com/view/celebrity/s_ratio_celebrity/public/p19067.webp",
"medium": "https://img1.doubanio.com/view/celebrity/s_ratio_celebrity/public/p19067.webp"
},
"name": "乔治·库克",
"id": "1010711"
},
{
"alt": "https://movie.douban.com/celebrity/1012588/",
"avatars": {
"small": "https://img3.doubanio.com/view/celebrity/s_ratio_celebrity/public/p54831.webp",
"large": "https://img3.doubanio.com/view/celebrity/s_ratio_celebrity/public/p54831.webp",
"medium": "https://img3.doubanio.com/view/celebrity/s_ratio_celebrity/public/p54831.webp"
},
"name": "山姆·伍德",
"id": "1012588"
}
],
"year": "1939",
"images": {
"small": "https://img3.doubanio.com/view/photo/s_ratio_poster/public/p1963126880.webp",
"large": "https://img3.doubanio.com/view/photo/s_ratio_poster/public/p1963126880.webp",
"medium": "https://img3.doubanio.com/view/photo/s_ratio_poster/public/p1963126880.webp"
},
"alt": "https://movie.douban.com/subject/1300267/",
"id": "1300267"
},
{
"rating": {
"max": 10,
"average": 9.2,
"stars": "50",
"min": 0
},
"genres": [
"剧情"
],
"title": "熔炉",
"casts": [
{
"alt": "https://movie.douban.com/celebrity/1011009/",
"avatars": {
"small": "https://img3.doubanio.com/view/celebrity/s_ratio_celebrity/public/p55195.webp",
"large": "https://img3.doubanio.com/view/celebrity/s_ratio_celebrity/public/p55195.webp",
"medium": "https://img3.doubanio.com/view/celebrity/s_ratio_celebrity/public/p55195.webp"
},
"name": "孔侑",
"id": "1011009"
},
{
"alt": "https://movie.douban.com/celebrity/1276062/",
"avatars": {
"small": "https://img1.doubanio.com/view/celebrity/s_ratio_celebrity/public/p1409765749.47.webp",
"large": "https://img1.doubanio.com/view/celebrity/s_ratio_celebrity/public/p1409765749.47.webp",
"medium": "https://img1.doubanio.com/view/celebrity/s_ratio_celebrity/public/p1409765749.47.webp"
},
"name": "郑有美",
"id": "1276062"
},
{
"alt": "https://movie.douban.com/celebrity/1331104/",
"avatars": {
"small": "https://img3.doubanio.com/view/celebrity/s_ratio_celebrity/public/p1393488191.45.webp",
"large": "https://img3.doubanio.com/view/celebrity/s_ratio_celebrity/public/p1393488191.45.webp",
"medium": "https://img3.doubanio.com/view/celebrity/s_ratio_celebrity/public/p1393488191.45.webp"
},
"name": "金志英",
"id": "1331104"
}
],
"collect_count": 330829,
"original_title": "도가니",
"subtype": "movie",
"directors": [
{
"alt": "https://movie.douban.com/celebrity/1317274/",
"avatars": {
"small": "https://img1.doubanio.com/view/celebrity/s_ratio_celebrity/public/p52558.webp",
"large": "https://img1.doubanio.com/view/celebrity/s_ratio_celebrity/public/p52558.webp",
"medium": "https://img1.doubanio.com/view/celebrity/s_ratio_celebrity/public/p52558.webp"
},
"name": "黄东赫",
"id": "1317274"
}
],
"year": "2011",
"images": {
"small": "https://img3.doubanio.com/view/photo/s_ratio_poster/public/p1363250216.webp",
"large": "https://img3.doubanio.com/view/photo/s_ratio_poster/public/p1363250216.webp",
"medium": "https://img3.doubanio.com/view/photo/s_ratio_poster/public/p1363250216.webp"
},
"alt": "https://movie.douban.com/subject/5912992/",
"id": "5912992"
}
],
"title": "豆瓣电影Top250"
}